id,text,domain,language
1,"Our school has had no teacher for mathematics since the last one retired in July, and none has been sent yet.",education,english
2,The mid-day meal at the government school has been the same watery dal for three weeks running.,education,english
3,"My son's transfer certificate has been pending at the school office for over a month, delaying his admission elsewhere.",education,english
4,The roof of the classroom block leaks so badly that classes are shifted to the corridor every time it rains.,education,english
5,"Despite the school being sanctioned two additional teachers this year, only one has actually reported for duty.",education,english
6,The government primary school in our hamlet has been running with a single teacher handling all five grades together.,education,english
7,Textbooks for the new academic year still have not arrived even though classes started six weeks ago.,education,english
8,The toilet block for girls at our village school has been locked since the tap connection broke last term.,education,english
9,Our daughter was left off the merit scholarship exam list at school even though she submitted her application well before the deadline.,education,english
10,"The boundary wall around the school ground remains half-built, and stray cattle wander into the assembly area every morning.",education,english
11,A teacher at the upper primary school has reportedly not shown up for the last three weeks without any substitute arranged.,education,english
12,"Results for the annual exam were supposed to come out in May, and there is still no update two months later.",education,english
13,"The government school in our panchayat has no functioning electricity, so the computer lab sits unused all year.",education,english
14,My nephew was denied admission under the reserved quota despite meeting all the eligibility criteria on paper.,education,english
15,Uniforms promised free of cost under the scheme have not been distributed even though the term is almost over.,education,english
16,The library at the block-level school has been locked for over a year since the librarian's post fell vacant.,education,english
17,Children in our village walk nearly four kilometres to the nearest school because the promised bus service was never started.,education,english
18,A batch of new desks and benches sanctioned for the school has been sitting unused in a locked room for months.,education,english
19,"The headmaster's post at our middle school has been vacant for over a year, leaving no one to sign urgent documents.",education,english
20,Smart class equipment installed under a special grant has not worked since the projector broke six months ago.,education,english
21,Our school inspection has not happened even once this academic year despite it being due every term.,education,english
22,The drinking water tank at the school ran dry last month and children now bring bottles from home.,education,english
23,A teacher assigned to our school for special needs education has never actually reported for duty.,education,english
24,My daughter's name was removed from the school rolls by mistake and reinstating it has taken over two months of visits.,education,english
25,The bridge course meant for dropout children in our village was announced but never actually started.,education,english
26,"Exam papers for the district-level test were reportedly leaked, yet no re-examination has been announced.",education,english
27,"The government school building was declared unsafe after last year's inspection, but classes are still being held there.",education,english
28,Fee waiver forms submitted for my son under the economically weaker section quota have been stuck at the school for two terms.,education,english
29,There is only one working blackboard for four classrooms that are separated only by a cloth partition.,education,english
30,The anganwadi attached to our school has had no worker posted since the last one was transferred out.,education,english
31,Our request for an additional section to reduce classroom crowding has been pending with the education department for a year.,education,english
32,Sports equipment sanctioned for the annual meet arrived after the event had already been cancelled for lack of the same equipment.,education,english
33,A private tuition centre has become unavoidable for most children in our colony because regular classes rarely happen on schedule.,education,english
34,The vocational training component promised alongside the regular curriculum was dropped without any explanation to parents.,education,english
35,"Teachers at our school are frequently pulled for election and census duty, cutting the actual teaching days short each term.",education,english
36,My son's admission was delayed because the online portal kept rejecting his caste certificate for reasons the help desk could not explain.,education,english
37,The government school kitchen shed used for the mid-day meal collapsed partially last monsoon and has not been repaired.,education,english
38,Attendance registers at our school reportedly show full strength even on days when barely half the children were present.,education,english
39,The state board result for a batch of students was withheld over a fee discrepancy that predates their enrolment.,education,english
40,Night classes for adult literacy that were announced for our village never actually started despite volunteers being listed as ready.,education,english
41,"हमारे स्कूल में गणित पढ़ाने वाले शिक्षक जुलाई में सेवानिवृत्त हो गए थे, और अब तक कोई नया शिक्षक नहीं भेजा गया।",education,hindi
42,मिड-डे मील में पिछले तीन हफ्तों से बच्चों को केवल पतली दाल और चावल दिया जा रहा है।,education,hindi
43,"मेरे बेटे का स्थानांतरण प्रमाण पत्र स्कूल कार्यालय में एक महीने से अटका हुआ है, जिससे दूसरे स्कूल में दाखिला रुका हुआ है।",education,hindi
44,कक्षा की छत से इतना पानी टपकता है कि बारिश के दिनों में बच्चों को बरामदे में बिठाना पड़ता है।,education,hindi
45,"इस साल स्कूल को दो नए शिक्षक मिलने थे, लेकिन अभी तक केवल एक ही ड्यूटी पर आया है।",education,hindi
46,हमारे गांव के प्राथमिक स्कूल में एक ही शिक्षक पांचों कक्षाओं को एक साथ पढ़ाते हैं।,education,hindi
47,नए शैक्षणिक सत्र की किताबें छह हफ्ते बीत जाने के बाद भी बच्चों तक नहीं पहुंची हैं।,education,hindi
48,"लड़कियों के शौचालय में पानी का कनेक्शन पिछले सत्र से खराब पड़ा है, इसलिए ताला लगा दिया गया है।",education,hindi
49,"स्कूल में मेरिट छात्रवृत्ति परीक्षा की सूची में मेरी बेटी का नाम शामिल नहीं किया गया, जबकि उसने समय से पहले ही आवेदन कर दिया था।",education,hindi
50,"स्कूल की चारदीवारी अधूरी पड़ी है, जिसकी वजह से हर सुबह आवारा मवेशी प्रांगण में घुस आते हैं।",education,hindi
51,उच्च प्राथमिक स्कूल के एक शिक्षक पिछले तीन हफ्तों से नदारद हैं और कोई विकल्प शिक्षक नहीं भेजा गया।,education,hindi
52,"वार्षिक परीक्षा के नतीजे मई में आने थे, लेकिन दो महीने बाद भी कोई सूचना नहीं मिली।",education,hindi
53,"हमारी पंचायत के सरकारी स्कूल में बिजली नहीं है, इसलिए कंप्यूटर लैब पूरे साल बंद रहती है।",education,hindi
54,मेरे भतीजे को सभी पात्रता शर्तें पूरी करने के बावजूद आरक्षित कोटे में दाखिला नहीं दिया गया।,education,hindi
55,योजना के तहत मुफ्त मिलने वाली वर्दी सत्र खत्म होने के करीब आने पर भी नहीं बांटी गई है।,education,hindi
56,ब्लॉक स्तर के स्कूल की लाइब्रेरी पिछले एक साल से बंद पड़ी है क्योंकि लाइब्रेरियन का पद खाली है।,education,hindi
57,हमारे गांव के बच्चे लगभग चार किलोमीटर पैदल चलकर स्कूल जाते हैं क्योंकि वादा की गई बस सेवा कभी शुरू ही नहीं हुई।,education,hindi
58,स्कूल के लिए मंजूर हुए नए डेस्क और बेंच महीनों से एक बंद कमरे में बिना इस्तेमाल के पड़े हैं।,education,hindi
59,"मध्य विद्यालय में प्रधानाध्यापक का पद एक साल से खाली है, जिससे जरूरी कागजों पर हस्ताक्षर करने वाला कोई नहीं है।",education,hindi
60,विशेष अनुदान के तहत लगाई गई स्मार्ट क्लास की मशीन प्रोजेक्टर खराब होने के बाद से छह महीने से बंद है।,education,hindi
61,"इस शैक्षणिक वर्ष में स्कूल का निरीक्षण एक बार भी नहीं हुआ, जबकि यह हर सत्र में होना चाहिए।",education,hindi
62,"स्कूल की पानी की टंकी पिछले महीने सूख गई, अब बच्चे घर से बोतल में पानी लेकर आते हैं।",education,hindi
63,विशेष जरूरतों वाले बच्चों के लिए नियुक्त शिक्षक कभी ड्यूटी पर आए ही नहीं।,education,hindi
64,"मेरी बेटी का नाम गलती से स्कूल के रजिस्टर से हटा दिया गया, और उसे दोबारा जुड़वाने में दो महीने से ज्यादा लग गए।",education,hindi
65,"गांव के स्कूल छोड़ चुके बच्चों के लिए ब्रिज कोर्स की घोषणा हुई थी, लेकिन वह कभी शुरू ही नहीं हुआ।",education,hindi
66,"जिला स्तर की परीक्षा का पेपर लीक होने की खबर आई, फिर भी दोबारा परीक्षा की कोई घोषणा नहीं हुई।",education,hindi
67,"पिछले साल के निरीक्षण में सरकारी स्कूल की इमारत को असुरक्षित बताया गया था, फिर भी वहीं कक्षाएं चल रही हैं।",education,hindi
68,आर्थिक रूप से कमजोर वर्ग कोटे में मेरे बेटे की फीस माफी का फॉर्म दो सत्रों से स्कूल में अटका पड़ा है।,education,hindi
69,"चार कक्षाओं के लिए सिर्फ एक ब्लैकबोर्ड है, और उन्हें केवल एक कपड़े के पर्दे से अलग किया गया है।",education,hindi
70,स्कूल से जुड़ी आंगनवाड़ी में पिछले कार्यकर्ता के तबादले के बाद से कोई नई नियुक्ति नहीं हुई।,education,hindi
71,कक्षा में भीड़ कम करने के लिए एक अतिरिक्त सेक्शन की हमारी मांग शिक्षा विभाग में एक साल से लंबित है।,education,hindi
72,"वार्षिक खेल दिवस के लिए मंजूर हुआ खेल सामान आयोजन रद्द होने के बाद पहुंचा, वह भी उसी सामान की कमी के कारण रद्द हुआ था।",education,hindi
73,हमारी कॉलोनी के ज्यादातर बच्चों के लिए ट्यूशन सेंटर जरूरी हो गया है क्योंकि स्कूल में नियमित कक्षाएं शायद ही समय पर होती हैं।,education,hindi
74,नियमित पाठ्यक्रम के साथ वादा किया गया व्यावसायिक प्रशिक्षण अभिभावकों को बिना कोई कारण बताए हटा दिया गया।,education,hindi
75,"हमारे स्कूल के शिक्षकों को अक्सर चुनाव और जनगणना ड्यूटी में भेज दिया जाता है, जिससे हर सत्र में पढ़ाई के दिन कम हो जाते हैं।",education,hindi
76,"मेरे बेटे का दाखिला इसलिए अटका क्योंकि ऑनलाइन पोर्टल उसका जाति प्रमाण पत्र बार-बार रिजेक्ट कर रहा था, और हेल्प डेस्क कारण नहीं बता पाया।",education,hindi
77,मिड-डे मील बनाने वाला रसोईघर पिछले मानसून में आंशिक रूप से गिर गया था और अभी तक उसकी मरम्मत नहीं हुई।,education,hindi
78,"हमारे स्कूल की हाजिरी रजिस्टर में कई बार पूरी उपस्थिति दिखाई जाती है, जबकि उस दिन आधे बच्चे भी मौजूद नहीं होते।",education,hindi
79,"एक बैच के छात्रों का बोर्ड परिणाम फीस के एक पुराने विवाद की वजह से रोक दिया गया, जो उनके दाखिले से पहले का मामला था।",education,hindi
80,"हमारे गांव में वयस्क साक्षरता के लिए रात्रि कक्षाएं शुरू करने की घोषणा हुई थी, लेकिन स्वयंसेवकों के तैयार रहने के बावजूद वे कभी शुरू नहीं हुईं।",education,hindi
81,"Hamare school mein maths ke teacher retire hue the July mein, tab se koi naya teacher bheja hi nahi gaya.",education,hinglish
82,Mid-day meal mein pichle teen hafton se bas patla dal aur chawal mil raha hai bachon ko.,education,hinglish
83,"Mere bete ka transfer certificate school office mein ek mahine se atka hai, dusre school mein admission rukta ja raha hai.",education,hinglish
84,Classroom ki chhat se itna paani tapakta hai ki baarish mein bachon ko corridor mein bithana padta hai.,education,hinglish
85,"Is saal school ko do naye teachers milne the, par abhi tak sirf ek hi duty pe aaya hai.",education,hinglish
86,Hamare gaon ke primary school mein ek hi teacher paanchon classes ko saath mein padhata hai.,education,hinglish
87,Naye session ki kitabein chhe hafte ho gaye phir bhi bachon tak nahi pahunchi hain.,education,hinglish
88,"Girls ke toilet ka paani connection pichle session se hi kharab pada hai, isliye taala laga diya gaya.",education,hinglish
89,"School mein merit scholarship exam ki list mein meri beti ka naam include hi nahi kiya gaya, jabki usne deadline se pehle hi apply kar diya tha.",education,hinglish
90,"School ki boundary wall adhuri padi hai, isi wajah se roz subah aawara maveshi ground mein ghus aate hain.",education,hinglish
91,Upper primary school ke ek teacher pichle teen hafton se nadaarad hain aur koi substitute nahi bheja gaya.,education,hinglish
92,"Annual exam ka result May mein aana tha, do mahine ho gaye abhi tak koi update nahi hai.",education,hinglish
93,"Hamari panchayat ke govt school mein bijli hi nahi hai, isliye computer lab saal bhar band rehta hai.",education,hinglish
94,Mere bhatije ko saari eligibility conditions poori karne ke bawajood reserved quota mein admission nahi mila.,education,hinglish
95,Scheme ke under free milne wali uniform session khatam hone ke kareeb aane par bhi nahi bati gayi hai.,education,hinglish
96,Block level school ki library pichle ek saal se band padi hai kyunki librarian ka post khaali hai.,education,hinglish
97,Hamare gaon ke bachche lagbhag chaar kilometer paidal chalke school jaate hain kyunki promised bus service kabhi shuru hi nahi hui.,education,hinglish
98,School ke liye sanction hue naye desk aur bench mahinon se ek band kamre mein bina use ke pade hain.,education,hinglish
99,"Middle school mein headmaster ka post ek saal se khaali hai, isliye zaroori kaagzon pe sign karne wala koi nahi hai.",education,hinglish
100,Special grant ke under lagayi gayi smart class projector kharab hone ke baad se chhe mahine se band hai.,education,hinglish
101,"Is academic year mein school ka inspection ek baar bhi nahi hua, jabki har session mein hona chahiye.",education,hinglish
102,"School ki paani ki tanki pichle mahine sookh gayi, ab bachche ghar se bottle mein paani leke aate hain.",education,hinglish
103,Special needs bachon ke liye appoint kiya gaya teacher kabhi duty pe aaya hi nahi.,education,hinglish
104,"Meri beti ka naam galti se school register se hata diya gaya, use wapas jodne mein do mahine se zyada lag gaye.",education,hinglish
105,"Gaon ke dropout bachon ke liye bridge course ka announcement hua tha, par woh kabhi shuru hi nahi hua.",education,hinglish
106,"District level exam ka paper leak hone ki khabar aayi, phir bhi re-exam ka koi announcement nahi hua.",education,hinglish
107,"Pichle saal ke inspection mein govt school ki building ko unsafe bataya gaya tha, phir bhi wahi classes chal rahi hain.",education,hinglish
108,EWS quota mein mere bete ki fee waiver ka form do session se school mein atka pada hai.,education,hinglish
109,"Chaar classrooms ke liye sirf ek blackboard hai, aur unhe sirf ek cloth partition se alag kiya gaya hai.",education,hinglish
110,School se judi anganwadi mein pichle worker ke transfer ke baad se koi nayi appointment nahi hui.,education,hinglish
111,Classroom mein crowding kam karne ke liye extra section ki hamari demand education department mein ek saal se pending hai.,education,hinglish
112,"Annual sports day ke liye sanction hua sports equipment event cancel hone ke baad pahuncha, wo bhi usi saaman ki kami ki wajah se cancel hua tha.",education,hinglish
113,Hamari colony ke zyada tar bachon ke liye tuition center zaroori ho gaya hai kyunki regular classes shaayad hi time pe hoti hain.,education,hinglish
114,Regular curriculum ke saath promise kiya gaya vocational training parents ko bina koi reason bataye hata diya gaya.,education,hinglish
115,"Hamare school ke teachers ko aksar election aur census duty mein bhej diya jaata hai, jisse har session mein padhai ke din kam ho jaate hain.",education,hinglish
116,"Mere bete ka admission isliye atka kyunki online portal uska caste certificate baar-baar reject kar raha tha, aur help desk reason nahi bata paaya.",education,hinglish
117,Mid-day meal banane wala kitchen shed pichle monsoon mein aadha gir gaya tha aur abhi tak uski repair nahi hui.,education,hinglish
118,"Hamare school ke attendance register mein kai baar poori attendance dikhai jaati hai, jabki us din aadhe bachche bhi maujood nahi hote.",education,hinglish
119,"Ek batch ke students ka board result ek purane fee dispute ki wajah se rok diya gaya, jo unke admission se pehle ka mamla tha.",education,hinglish
120,"Hamare gaon mein adult literacy ke liye night classes shuru karne ka announcement hua tha, par volunteers ready hone ke bawajood woh kabhi shuru nahi hui.",education,hinglish
121,My mother waited six hours at the district hospital before anyone even looked at her chart.,healthcare,english
122,The PHC in our block has not had a doctor present on Tuesdays or Wednesdays for the last two months.,healthcare,english
123,We were sent from one counter to another for an hour before someone told us the X-ray machine has been down since April.,healthcare,english
124,The ambulance took over ninety minutes to reach our village even though the base is barely twelve kilometres away.,healthcare,english
125,There were no painkillers or basic antibiotics in stock when we went to the sub-centre for my father's fever.,healthcare,english
126,A woman in labour had to be carried on a cot for two kilometres because no vehicle was available at the health centre.,healthcare,english
127,The nurse on night duty at the community health centre told us to come back in the morning for an emergency case.,healthcare,english
128,My grandmother's cataract surgery has been postponed four times at the government eye camp without explanation.,healthcare,english
129,"Vaccination day at our anganwadi came and went with no vials delivered, and no one informed the mothers in advance.",healthcare,english
130,The government hospital charged us for gloves and syringes that are supposed to be free under the scheme.,healthcare,english
131,"There is a single working ventilator for the entire ICU ward, shared across critical patients.",healthcare,english
132,We were told to buy the prescribed injection ourselves from a private pharmacy because the hospital stock had run out weeks ago.,healthcare,english
133,"The dialysis unit at the district hospital only runs two days a week, forcing patients to travel to another town.",healthcare,english
134,"My uncle's diabetes test results took eleven days to come back from the lab, by which point his condition had worsened.",healthcare,english
135,The maternity ward has two beds shared among five expecting mothers on busy nights.,healthcare,english
136,"No doctor has visited the PHC in our hamlet in over three weeks, only a compounder attends to patients.",healthcare,english
137,"The blood bank at the civil hospital turned us away saying the required group was unavailable, with no alternative suggested.",healthcare,english
138,Children brought in for the routine immunisation drive were sent home because the cold chain box had not arrived that day.,healthcare,english
139,The government dispensary ran out of insulin midway through the month and patients were asked to wait for the next supply.,healthcare,english
140,An elderly patient collapsed in the waiting area and it took over twenty minutes for any staff member to respond.,healthcare,english
141,The physiotherapy unit at the rehabilitation centre has been non-functional since the therapist was transferred out.,healthcare,english
142,We paid for an ambulance privately because the government one assigned to our zone was reportedly being used elsewhere.,healthcare,english
143,The ANM did not visit our hamlet for the scheduled antenatal checkup this month.,healthcare,english
144,"My father was discharged the same day as a minor surgery despite visible complications, and readmitted two days later.",healthcare,english
145,The mental health outpatient clinic at the district hospital only operates for two hours once a week.,healthcare,english
146,"There is no functioning oxygen cylinder backup at the PHC, which becomes dangerous during power cuts.",healthcare,english
147,A relative was asked to arrange his own stretcher because none were available at the emergency entrance.,healthcare,english
148,"The government hospital pharmacy counter shuts an hour before the OPD itself closes, leaving prescriptions unfilled.",healthcare,english
149,Post-natal checkups for new mothers in our ward have been skipped entirely for the past two cycles.,healthcare,english
150,"The TB medication supply at our health sub-centre has been irregular, with patients missing doses some weeks.",healthcare,english
151,We waited in the emergency queue for forty minutes while a case that clearly needed immediate attention was pushed to the back.,healthcare,english
152,The government hospital's maternity records for my sister were mixed up with another patient's file.,healthcare,english
153,"There is only one gynaecologist covering three PHCs in our taluka, visiting each just once a week.",healthcare,english
154,The health worker who conducts door-to-door screening in our colony has not shown up in over a month.,healthcare,english
155,My son's follow-up appointment after his surgery was cancelled twice without any replacement date offered.,healthcare,english
156,"The community health centre's generator has not worked in over a year, so surgeries are avoided after dark.",healthcare,english
157,"Our village health camp promised free eye checkups, but the ophthalmologist never arrived on the scheduled day.",healthcare,english
158,The government hospital billing counter charged a consultation fee that patients say is not supposed to apply here.,healthcare,english
159,An infant with high fever was turned away from the PHC at night because there was no pediatric staff on call.,healthcare,english
160,The ambulance driver for our zone reportedly demands cash before agreeing to make the trip.,healthcare,english
161,मेरी मां जिला अस्पताल में छह घंटे इंतजार करती रहीं इससे पहले कि किसी ने उनकी फाइल तक देखी।,healthcare,hindi
162,हमारे ब्लॉक के पीएचसी में पिछले दो महीने से मंगलवार और बुधवार को कोई डॉक्टर मौजूद नहीं रहता।,healthcare,hindi
163,एक घंटे तक हमें एक काउंटर से दूसरे काउंटर भेजा जाता रहा जब तक किसी ने बताया कि एक्स-रे मशीन अप्रैल से खराब पड़ी है।,healthcare,hindi
164,हमारे गांव में एम्बुलेंस को पहुंचने में नब्बे मिनट से ज्यादा लग गए जबकि बेस मुश्किल से बारह किलोमीटर दूर है।,healthcare,hindi
165,जब हम अपने पिता के बुखार के लिए सब-सेंटर गए तो वहां न दर्द निवारक थी न कोई सामान्य एंटीबायोटिक।,healthcare,hindi
166,प्रसव पीड़ा में एक महिला को दो किलोमीटर तक चारपाई पर उठाकर ले जाना पड़ा क्योंकि स्वास्थ्य केंद्र पर कोई वाहन उपलब्ध नहीं था।,healthcare,hindi
167,सामुदायिक स्वास्थ्य केंद्र में रात की ड्यूटी पर मौजूद नर्स ने आपातकालीन मामले में सुबह आने को कह दिया।,healthcare,hindi
168,सरकारी नेत्र शिविर में मेरी दादी के मोतियाबिंद के ऑपरेशन को बिना किसी कारण के चार बार टाल दिया गया।,healthcare,hindi
169,"हमारे आंगनवाड़ी में टीकाकरण का दिन आया और चला गया, कोई शीशी नहीं पहुंची, और माताओं को पहले से कोई सूचना नहीं दी गई।",healthcare,hindi
170,सरकारी अस्पताल ने हमसे दस्तानों और सिरिंज के पैसे लिए जो योजना के तहत मुफ्त मिलने चाहिए थे।,healthcare,hindi
171,"पूरे आईसीयू वार्ड के लिए सिर्फ एक वेंटिलेटर काम कर रहा है, जिसे गंभीर मरीजों के बीच बांटा जा रहा है।",healthcare,hindi
172,हमें बताया गया कि निर्धारित इंजेक्शन खुद निजी दवा दुकान से खरीद लें क्योंकि अस्पताल का स्टॉक हफ्तों पहले खत्म हो चुका था।,healthcare,hindi
173,"जिला अस्पताल में डायलिसिस यूनिट हफ्ते में सिर्फ दो दिन चलती है, जिससे मरीजों को दूसरे शहर जाना पड़ता है।",healthcare,hindi
174,"मेरे चाचा की डायबिटीज जांच की रिपोर्ट लैब से आने में ग्यारह दिन लग गए, तब तक उनकी हालत बिगड़ चुकी थी।",healthcare,hindi
175,व्यस्त रातों में प्रसूति वार्ड के दो बिस्तर पांच गर्भवती महिलाओं के बीच साझा किए जा रहे हैं।,healthcare,hindi
176,"हमारे मोहल्ले के पीएचसी में तीन हफ्तों से कोई डॉक्टर नहीं आया, सिर्फ एक कंपाउंडर ही मरीजों को देखता है।",healthcare,hindi
177,"सिविल अस्पताल के ब्लड बैंक ने हमें यह कहकर लौटा दिया कि जरूरी ग्रुप उपलब्ध नहीं है, बिना कोई विकल्प सुझाए।",healthcare,hindi
178,नियमित टीकाकरण अभियान के लिए लाए गए बच्चों को वापस भेज दिया गया क्योंकि कोल्ड चेन बॉक्स उस दिन नहीं पहुंचा था।,healthcare,hindi
179,सरकारी डिस्पेंसरी में महीने के बीच में ही इंसुलिन खत्म हो गया और मरीजों से अगली आपूर्ति का इंतजार करने को कहा गया।,healthcare,hindi
180,वेटिंग एरिया में एक बुजुर्ग मरीज गिर पड़ा और किसी स्टाफ सदस्य को प्रतिक्रिया देने में बीस मिनट से ज्यादा लग गए।,healthcare,hindi
181,पुनर्वास केंद्र की फिजियोथेरेपी यूनिट थेरेपिस्ट के स्थानांतरण के बाद से काम नहीं कर रही है।,healthcare,hindi
182,हमने निजी तौर पर एम्बुलेंस के लिए पैसे दिए क्योंकि हमारे क्षेत्र में तय सरकारी एम्बुलेंस कहीं और इस्तेमाल हो रही थी।,healthcare,hindi
183,एएनएम इस महीने निर्धारित प्रसवपूर्व जांच के लिए हमारे मोहल्ले में नहीं आईं।,healthcare,hindi
184,"एक छोटे ऑपरेशन के बावजूद स्पष्ट जटिलताएं होने पर भी मेरे पिता को उसी दिन छुट्टी दे दी गई, और दो दिन बाद फिर भर्ती करना पड़ा।",healthcare,hindi
185,जिला अस्पताल में मानसिक स्वास्थ्य ओपीडी हफ्ते में एक बार सिर्फ दो घंटे के लिए ही चलती है।,healthcare,hindi
186,"पीएचसी में ऑक्सीजन सिलेंडर का कोई बैकअप काम नहीं करता, जो बिजली कटौती के दौरान खतरनाक हो जाता है।",healthcare,hindi
187,एक रिश्तेदार को अपनी खुद की स्ट्रेचर की व्यवस्था करने को कहा गया क्योंकि आपातकालीन प्रवेश द्वार पर कोई उपलब्ध नहीं थी।,healthcare,hindi
188,"सरकारी अस्पताल की फार्मेसी काउंटर ओपीडी बंद होने से एक घंटा पहले ही बंद हो जाती है, जिससे पर्चे अधूरे रह जाते हैं।",healthcare,hindi
189,हमारे वार्ड में नई माताओं की प्रसवोत्तर जांच पिछले दो चक्रों से पूरी तरह छूट गई है।,healthcare,hindi
190,"हमारे स्वास्थ्य उप-केंद्र में टीबी की दवाओं की आपूर्ति अनियमित रही है, कुछ हफ्तों में मरीजों की खुराक छूट जाती है।",healthcare,hindi
191,हम आपातकालीन कतार में चालीस मिनट तक खड़े रहे जबकि साफ तौर पर तुरंत ध्यान की जरूरत वाले एक मामले को पीछे धकेल दिया गया।,healthcare,hindi
192,सरकारी अस्पताल में मेरी बहन के प्रसव संबंधी रिकॉर्ड किसी और मरीज की फाइल से मिल गए।,healthcare,hindi
193,"हमारे तालुके में तीन पीएचसी के लिए सिर्फ एक स्त्री रोग विशेषज्ञ हैं, जो हर एक में हफ्ते में सिर्फ एक बार आती हैं।",healthcare,hindi
194,हमारी कॉलोनी में घर-घर जाकर जांच करने वाली स्वास्थ्य कार्यकर्ता एक महीने से ज्यादा समय से नहीं आई हैं।,healthcare,hindi
195,मेरे बेटे के ऑपरेशन के बाद की फॉलो-अप अपॉइंटमेंट बिना किसी नई तारीख के दो बार रद्द कर दी गई।,healthcare,hindi
196,"सामुदायिक स्वास्थ्य केंद्र का जनरेटर एक साल से ज्यादा समय से खराब है, इसलिए अंधेरा होने के बाद ऑपरेशन टाले जाते हैं।",healthcare,hindi
197,"हमारे गांव के स्वास्थ्य शिविर में मुफ्त आंखों की जांच का वादा किया गया था, लेकिन तय दिन नेत्र विशेषज्ञ कभी नहीं आए।",healthcare,hindi
198,सरकारी अस्पताल के बिलिंग काउंटर ने एक परामर्श शुल्क लिया जो मरीजों के अनुसार यहां लागू ही नहीं होना चाहिए।,healthcare,hindi
199,रात में तेज बुखार वाले एक शिशु को पीएचसी से वापस भेज दिया गया क्योंकि वहां कोई बाल रोग विशेषज्ञ ड्यूटी पर नहीं था।,healthcare,hindi
200,हमारे क्षेत्र का एम्बुलेंस चालक कथित तौर पर यात्रा के लिए राजी होने से पहले नकद मांगता है।,healthcare,hindi
201,"Meri maa district hospital mein chhe ghante wait karti rahin, isse pehle ki koi unki file tak dekhta.",healthcare,hinglish
202,Hamare block ke PHC mein pichle do mahine se Tuesday aur Wednesday ko koi doctor present nahi rehta.,healthcare,hinglish
203,Ek ghante tak humein ek counter se doosre counter bheja jaata raha jab tak kisi ne bataya ki X-ray machine April se kharab padi hai.,healthcare,hinglish
204,Hamare village mein ambulance ko pahunchne mein nabbe minute se zyada lag gaye jabki base mushkil se barah kilometer door hai.,healthcare,hinglish
205,Jab hum apne father ke fever ke liye sub-centre gaye to wahan na painkiller thi na koi basic antibiotic.,healthcare,hinglish
206,Labour pain mein ek mahila ko do kilometer tak khatiya par utha kar le jaana pada kyunki health centre par koi vehicle available nahi tha.,healthcare,hinglish
207,Community health centre mein night duty par maujood nurse ne emergency case mein subah aane ko keh diya.,healthcare,hinglish
208,Sarkari eye camp mein meri dadi ke cataract operation ko bina kisi reason ke chaar baar postpone kar diya gaya.,healthcare,hinglish
209,"Hamare anganwadi mein vaccination ka din aaya aur chala gaya, koi vial nahi pahunchi, aur mothers ko pehle se koi info nahi di gayi.",healthcare,hinglish
210,Sarkari hospital ne humse gloves aur syringe ke paise liye jo scheme ke tahat free milne chahiye the.,healthcare,hinglish
211,"Poore ICU ward ke liye sirf ek ventilator kaam kar raha hai, jise critical patients ke beech baanta ja raha hai.",healthcare,hinglish
212,Humein bataya gaya ki prescribed injection khud private pharmacy se khareed lein kyunki hospital ka stock hafton pehle khatam ho chuka tha.,healthcare,hinglish
213,"District hospital mein dialysis unit hafte mein sirf do din chalti hai, jisse patients ko doosre shehar jaana padta hai.",healthcare,hinglish
214,"Mere chacha ki diabetes test report lab se aane mein gyarah din lag gaye, tab tak unki condition bigad chuki thi.",healthcare,hinglish
215,Busy raaton mein maternity ward ke do bed paanch pregnant mahilaon ke beech share kiye ja rahe hain.,healthcare,hinglish
216,"Hamare mohalle ke PHC mein teen hafton se koi doctor nahi aaya, sirf ek compounder hi patients ko dekhta hai.",healthcare,hinglish
217,"Civil hospital ke blood bank ne humein yeh kehkar laut diya ki zaroori group available nahi hai, bina koi alternative suggest kiye.",healthcare,hinglish
218,Routine immunisation drive ke liye laaye gaye bachchon ko wapas bhej diya gaya kyunki cold chain box us din nahi pahuncha tha.,healthcare,hinglish
219,Sarkari dispensary mein mahine ke beech mein hi insulin khatam ho gaya aur patients se agli supply ka wait karne ko kaha gaya.,healthcare,hinglish
220,Waiting area mein ek buzurg patient gir gaye aur kisi staff member ko react karne mein bees minute se zyada lag gaye.,healthcare,hinglish
221,Rehabilitation centre ki physiotherapy unit therapist ke transfer ke baad se kaam nahi kar rahi.,healthcare,hinglish
222,Humne privately ambulance ke liye paise diye kyunki hamare zone ke liye tay sarkari ambulance kahin aur use ho rahi thi.,healthcare,hinglish
223,ANM is mahine scheduled antenatal checkup ke liye hamare mohalle mein nahi aayi.,healthcare,hinglish
224,"Ek chhote operation ke bawajood clear complications hone par bhi mere father ko usi din discharge kar diya gaya, aur do din baad phir admit karna pada.",healthcare,hinglish
225,District hospital mein mental health OPD hafte mein ek baar sirf do ghante ke liye hi chalti hai.,healthcare,hinglish
226,"PHC mein oxygen cylinder ka koi backup kaam nahi karta, jo power cut ke dauran khatarnak ho jaata hai.",healthcare,hinglish
227,Ek relative ko apna khud ka stretcher arrange karne ko kaha gaya kyunki emergency entrance par koi available nahi tha.,healthcare,hinglish
228,"Sarkari hospital ka pharmacy counter OPD band hone se ek ghanta pehle hi band ho jaata hai, jisse prescriptions adhoore reh jaate hain.",healthcare,hinglish
229,Hamare ward mein naye maaon ki post-natal checkup pichle do cycles se poori tarah miss ho gayi hai.,healthcare,hinglish
230,"Hamare health sub-centre mein TB ki dawaiyon ki supply irregular rahi hai, kuch hafton mein patients ki dose miss ho jaati hai.",healthcare,hinglish
231,Hum emergency queue mein chaalis minute khade rahe jabki saaf taur par turant attention chahiye wale ek case ko peeche dhakel diya gaya.,healthcare,hinglish
232,Sarkari hospital mein meri behen ke maternity records kisi aur patient ki file se mix ho gaye.,healthcare,hinglish
233,"Hamare taluka mein teen PHC ke liye sirf ek gynaecologist hain, jo har ek mein hafte mein sirf ek baar aati hain.",healthcare,hinglish
234,Hamari colony mein door-to-door screening karne wali health worker ek mahine se zyada time se nahi aayi hain.,healthcare,hinglish
235,Mere bete ke operation ke baad ki follow-up appointment bina kisi nayi date ke do baar cancel kar di gayi.,healthcare,hinglish
236,"Community health centre ka generator ek saal se zyada time se kharab hai, isliye andhera hone ke baad operations avoid kiye jaate hain.",healthcare,hinglish
237,"Hamare village ke health camp mein free eye checkup ka wada kiya gaya tha, lekin tay din ophthalmologist kabhi nahi aaye.",healthcare,hinglish
238,Sarkari hospital ke billing counter ne ek consultation fee li jo patients ke mutabik yahan apply hi nahi honi chahiye.,healthcare,hinglish
239,Raat mein tez fever wale ek infant ko PHC se wapas bhej diya gaya kyunki wahan koi pediatric staff on-call nahi tha.,healthcare,hinglish
240,Hamare zone ka ambulance driver reportedly trip ke liye maanne se pehle cash maangta hai.,healthcare,hinglish
241,The seeds distributed through the government scheme this season resulted in poor germination across most fields in our village.,agriculture,english
242,"Unseasonal hailstorms flattened nearly half the standing wheat crop, and the loss assessment team still has not visited.",agriculture,english
243,The subsidised fertiliser meant for the sowing window arrived at the depot three weeks after most farmers had already sown.,agriculture,english
244,A pest outbreak has been spreading through the cotton fields for two weeks and no agricultural officer has come to inspect it.,agriculture,english
245,Farmers in our cluster are still waiting for the crop insurance payout from last year's flood damage.,agriculture,english
246,The canal that feeds our fields has had almost no water flow for the past ten days during the most critical growth stage.,agriculture,english
247,"The mandi is refusing to procure our paddy at the announced support price, citing moisture content disputes.",agriculture,english
248,Diesel pumps meant for irrigation have gone unused because the promised subsidy on fuel never came through this quarter.,agriculture,english
249,"A whitefly infestation has damaged the vegetable crop across several plots, and the extension office has not responded to calls.",agriculture,english
250,The tractor provided under the equipment-sharing scheme has been under repair at the block office for four months.,agriculture,english
251,Our soil testing samples were submitted five months ago and the reports still have not reached any farmer in the cluster.,agriculture,english
252,The government seed store sold us treated seeds that turned out to be past their viable sowing period.,agriculture,english
253,Sugarcane farmers in our area have not received payment from the mill for the last crushing season.,agriculture,english
254,A sudden change in weather advisory came too late for us to protect the standing mustard crop from frost damage.,agriculture,english
255,The borewell used for field irrigation collapsed and there is no support programme covering repair costs for farmers.,agriculture,english
256,"Locust movement was reported nearby, and despite repeated calls, no spraying team has been deployed to our fields.",agriculture,english
257,"The crop loan sanctioned before sowing has still not been disbursed, and the season is nearly over.",agriculture,english
258,Our onion harvest is rotting in open storage because there is no cold storage facility accessible within a reasonable distance.,agriculture,english
259,The agricultural extension officer assigned to our block has not visited a single farm this entire season.,agriculture,english
260,Excess rainfall has waterlogged the paddy fields and the drainage channels meant for agricultural land have not been cleared in years.,agriculture,english
261,The price offered at the procurement centre for our produce is far below what was announced for this season.,agriculture,english
262,A batch of hybrid maize seed distributed under the scheme failed to sprout in over sixty percent of the plots we surveyed.,agriculture,english
263,The irrigation department has not released water on schedule for the second crop cycle this year.,agriculture,english
264,Farmers who lost their entire chilli crop to bacterial wilt are still waiting for the compensation promised after the survey.,agriculture,english
265,"The pesticide sprayed by a private vendor damaged an adjoining organic plot, and no one has taken responsibility.",agriculture,english
266,Our request for a soil-moisture sensor kit under the precision farming pilot has been pending for over a year.,agriculture,english
267,"The weighbridge at the local mandi has reportedly been giving inconsistent readings, shortchanging farmers on payment.",agriculture,english
268,A grasshopper swarm has been damaging groundnut fields and the pesticide stock at the cooperative store has run out.,agriculture,english
269,The subsidy for drip irrigation equipment was approved on paper but the actual installation has been delayed for months.,agriculture,english
270,Farmers growing turmeric this year say the government procurement centre has stopped accepting fresh stock without explanation.,agriculture,english
271,The seed replacement programme skipped our village entirely this cycle despite our applications being submitted on time.,agriculture,english
272,A delay in releasing water from the reservoir meant the transplanting window for paddy was missed by nearly two weeks.,agriculture,english
273,Storage rats have destroyed a portion of grain kept at the cooperative godown due to poor pest control there.,agriculture,english
274,The crop cutting experiment used to determine our insurance claim was conducted on a plot that was not representative of the actual damage.,agriculture,english
275,"Farmers were promised a demonstration plot for the new drought-resistant variety, but the seeds for it never arrived.",agriculture,english
276,The veterinary support for bullocks used in tilling has been unavailable at our block office for the past two months.,agriculture,english
277,A fungal disease has spread through the tomato crop this season and samples sent to the lab have had no response in weeks.,agriculture,english
278,The kisan credit card renewal for several farmers in our village has been stuck at the bank branch for unclear reasons.,agriculture,english
279,Our request to the horticulture department for grafted mango saplings has gone unanswered since the last planting season.,agriculture,english
280,"The rainfall this year came right after we sowed groundnut, and the subsidised drainage support promised under the scheme never materialised.",agriculture,english
281,इस मौसम में सरकारी योजना के तहत बांटे गए बीजों से हमारे गांव के अधिकतर खेतों में अंकुरण बहुत कमजोर रहा।,agriculture,hindi
282,"बेमौसम ओलावृष्टि ने खड़ी गेहूं की लगभग आधी फसल को गिरा दिया, और नुकसान का आकलन करने वाली टीम अभी तक नहीं आई।",agriculture,hindi
283,"बुवाई के समय के लिए मिलने वाला सब्सिडी वाला खाद डिपो में तीन हफ्ते देर से पहुंचा, जब तक ज्यादातर किसान बुवाई कर चुके थे।",agriculture,hindi
284,कपास के खेतों में दो हफ्तों से कीट प्रकोप फैल रहा है और कोई कृषि अधिकारी निरीक्षण के लिए नहीं आया।,agriculture,hindi
285,हमारे क्लस्टर के किसान अभी भी पिछले साल की बाढ़ से हुए नुकसान के फसल बीमा भुगतान का इंतजार कर रहे हैं।,agriculture,hindi
286,हमारे खेतों तक पानी लाने वाली नहर में सबसे महत्वपूर्ण बढ़वार के समय पिछले दस दिनों से लगभग कोई प्रवाह नहीं है।,agriculture,hindi
287,मंडी नमी की मात्रा को लेकर विवाद बताकर घोषित समर्थन मूल्य पर हमारा धान खरीदने से इनकार कर रही है।,agriculture,hindi
288,सिंचाई के लिए दिए गए डीजल पंप बेकार पड़े हैं क्योंकि ईंधन पर वादा की गई सब्सिडी इस तिमाही में कभी नहीं आई।,agriculture,hindi
289,"सफेद मक्खी के प्रकोप ने कई खेतों में सब्जी की फसल को नुकसान पहुंचाया है, और विस्तार कार्यालय ने कॉल का जवाब नहीं दिया।",agriculture,hindi
290,उपकरण-साझाकरण योजना के तहत मिला ट्रैक्टर चार महीने से ब्लॉक कार्यालय में मरम्मत के लिए पड़ा है।,agriculture,hindi
291,हमारे मिट्टी परीक्षण के नमूने पांच महीने पहले जमा किए गए थे और रिपोर्ट अभी तक क्लस्टर के किसी किसान तक नहीं पहुंची।,agriculture,hindi
292,सरकारी बीज भंडार ने हमें उपचारित बीज बेचे जो निकले तो बुवाई की व्यवहार्य अवधि से बाहर के थे।,agriculture,hindi
293,हमारे इलाके के गन्ना किसानों को पिछले पेराई सीजन का भुगतान चीनी मिल से नहीं मिला है।,agriculture,hindi
294,मौसम सलाह में अचानक बदलाव इतनी देर से आया कि हम खड़ी सरसों की फसल को पाले से नहीं बचा सके।,agriculture,hindi
295,खेत की सिंचाई के लिए इस्तेमाल होने वाला बोरवेल ढह गया और किसानों के लिए मरम्मत लागत को कवर करने वाला कोई सहायता कार्यक्रम नहीं है।,agriculture,hindi
296,"आस-पास टिड्डी दल की सूचना मिली थी, और बार-बार कॉल करने के बावजूद हमारे खेतों में कोई छिड़काव टीम नहीं भेजी गई।",agriculture,hindi
297,"बुवाई से पहले स्वीकृत फसल ऋण अभी तक वितरित नहीं हुआ है, और मौसम लगभग खत्म हो चुका है।",agriculture,hindi
298,हमारी प्याज की फसल खुले भंडारण में सड़ रही है क्योंकि उचित दूरी के भीतर कोई कोल्ड स्टोरेज सुविधा उपलब्ध नहीं है।,agriculture,hindi
299,हमारे ब्लॉक में तैनात कृषि विस्तार अधिकारी इस पूरे मौसम में एक भी खेत पर नहीं गए।,agriculture,hindi
300,अधिक बारिश से धान के खेत जलमग्न हो गए और कृषि भूमि के लिए बनी जल निकासी नालियां सालों से साफ नहीं की गई हैं।,agriculture,hindi
301,खरीद केंद्र पर हमारी उपज के लिए दी जा रही कीमत इस मौसम के लिए घोषित कीमत से बहुत कम है।,agriculture,hindi
302,योजना के तहत बांटे गए हाइब्रिड मक्का बीज के एक बैच में हमारे सर्वेक्षण किए गए साठ प्रतिशत से अधिक खेतों में अंकुरण नहीं हुआ।,agriculture,hindi
303,सिंचाई विभाग ने इस साल दूसरी फसल चक्र के लिए समय पर पानी नहीं छोड़ा है।,agriculture,hindi
304,"जिन किसानों की पूरी मिर्च फसल जीवाणु मुरझान से बर्बाद हो गई, वे सर्वेक्षण के बाद वादा किए गए मुआवजे का अभी भी इंतजार कर रहे हैं।",agriculture,hindi
305,"एक निजी विक्रेता द्वारा छिड़का गया कीटनाशक बगल के जैविक खेत को नुकसान पहुंचा गया, और किसी ने जिम्मेदारी नहीं ली।",agriculture,hindi
306,सटीक खेती पायलट के तहत मिट्टी-नमी सेंसर किट के लिए हमारा अनुरोध एक साल से ज्यादा समय से लंबित है।,agriculture,hindi
307,"स्थानीय मंडी में तौल कांटा कथित तौर पर असंगत रीडिंग दे रहा है, जिससे किसानों को भुगतान में नुकसान हो रहा है।",agriculture,hindi
308,टिड्डा झुंड मूंगफली के खेतों को नुकसान पहुंचा रहा है और सहकारी दुकान में कीटनाशक का स्टॉक खत्म हो चुका है।,agriculture,hindi
309,ड्रिप सिंचाई उपकरण की सब्सिडी कागज पर मंजूर हो गई लेकिन वास्तविक स्थापना महीनों से टल रही है।,agriculture,hindi
310,इस साल हल्दी उगाने वाले किसानों का कहना है कि सरकारी खरीद केंद्र ने बिना कारण बताए ताजा स्टॉक लेना बंद कर दिया है।,agriculture,hindi
311,बीज प्रतिस्थापन कार्यक्रम इस चक्र में हमारे गांव को पूरी तरह छोड़ गया जबकि हमारे आवेदन समय पर जमा किए गए थे।,agriculture,hindi
312,जलाशय से पानी छोड़ने में देरी के कारण धान की रोपाई की अवधि लगभग दो हफ्ते चूक गई।,agriculture,hindi
313,सहकारी गोदाम में खराब कीट नियंत्रण के कारण चूहों ने रखे अनाज का एक हिस्सा बर्बाद कर दिया।,agriculture,hindi
314,हमारे बीमा दावे को तय करने के लिए किया गया क्रॉप कटिंग प्रयोग ऐसे खेत पर किया गया जो वास्तविक नुकसान का प्रतिनिधित्व नहीं करता था।,agriculture,hindi
315,"किसानों को नई सूखा-प्रतिरोधी किस्म के लिए प्रदर्शन खेत का वादा किया गया था, लेकिन उसके बीज कभी नहीं पहुंचे।",agriculture,hindi
316,जुताई में इस्तेमाल होने वाले बैलों के लिए पशु चिकित्सा सहायता पिछले दो महीनों से हमारे ब्लॉक कार्यालय में उपलब्ध नहीं है।,agriculture,hindi
317,इस मौसम में टमाटर की फसल में फफूंद रोग फैल गया है और लैब भेजे गए नमूनों का हफ्तों से कोई जवाब नहीं आया।,agriculture,hindi
318,हमारे गांव के कई किसानों का किसान क्रेडिट कार्ड नवीनीकरण अस्पष्ट कारणों से बैंक शाखा में अटका हुआ है।,agriculture,hindi
319,बागवानी विभाग को कलमी आम के पौधों के लिए हमारा अनुरोध पिछले रोपण मौसम से अनुत्तरित है।,agriculture,hindi
320,"मूंगफली बोने के तुरंत बाद इस साल बारिश हो गई, और योजना के तहत वादा की गई सब्सिडी वाली जल निकासी सहायता कभी नहीं मिली।",agriculture,hindi
321,Is season sarkari scheme ke tahat baante gaye seeds se hamare village ke zyadatar kheton mein germination bahut kamzor raha.,agriculture,hinglish
322,"Bemausam olawrishti ne khadi wheat crop ka lagbhag aadha hissa gira diya, aur loss assessment team abhi tak nahi aayi.",agriculture,hinglish
323,"Buwai ke time ke liye milne wala subsidised fertiliser depot mein teen hafte late pahuncha, jab tak zyadatar farmers buwai kar chuke the.",agriculture,hinglish
324,Cotton ke kheton mein do hafton se pest outbreak fail raha hai aur koi agricultural officer inspection ke liye nahi aaya.,agriculture,hinglish
325,Hamare cluster ke farmers abhi bhi pichle saal ki flood se hue nuksaan ke crop insurance payout ka wait kar rahe hain.,agriculture,hinglish
326,Hamare kheton tak paani laane wali canal mein sabse important growth stage ke time pichle das dinon se lagbhag koi flow nahi hai.,agriculture,hinglish
327,Mandi moisture content ka dispute batakar announced support price par hamara paddy kharidne se mana kar rahi hai.,agriculture,hinglish
328,Sinchai ke liye diye gaye diesel pumps bekar pade hain kyunki fuel par promised subsidy is quarter mein kabhi nahi aayi.,agriculture,hinglish
329,"Whitefly ke prakop ne kayi kheton mein vegetable crop ko nuksaan pahunchaya hai, aur extension office ne calls ka jawab nahi diya.",agriculture,hinglish
330,Equipment-sharing scheme ke tahat mila tractor chaar mahine se block office mein repair ke liye pada hai.,agriculture,hinglish
331,Hamare soil testing samples paanch mahine pehle submit kiye gaye the aur reports abhi tak cluster ke kisi farmer tak nahi pahunchi.,agriculture,hinglish
332,Sarkari seed store ne humein treated seeds beche jo nikle to buwai ki viable period se bahar ke the.,agriculture,hinglish
333,Hamare ilake ke sugarcane farmers ko pichle crushing season ka payment mill se nahi mila hai.,agriculture,hinglish
334,Weather advisory mein achanak badlaav itni der se aaya ki hum khadi mustard crop ko frost damage se nahi bacha paaye.,agriculture,hinglish
335,Field irrigation ke liye use hone wala borewell collapse ho gaya aur farmers ke liye repair cost cover karne wala koi support programme nahi hai.,agriculture,hinglish
336,"Aas-paas locust movement report hua tha, aur baar-baar call karne ke bawajood hamare kheton mein koi spraying team nahi bheji gayi.",agriculture,hinglish
337,"Buwai se pehle sanctioned crop loan abhi tak disburse nahi hua hai, aur season lagbhag khatam ho chuka hai.",agriculture,hinglish
338,Hamari onion harvest open storage mein sad rahi hai kyunki reasonable distance ke andar koi cold storage facility available nahi hai.,agriculture,hinglish
339,Hamare block mein assigned agricultural extension officer is poore season mein ek bhi farm par nahi gaye.,agriculture,hinglish
340,Zyada baarish se paddy fields waterlogged ho gaye aur agricultural land ke liye bani drainage channels saalon se saaf nahi ki gayi hain.,agriculture,hinglish
341,Procurement centre par hamari produce ke liye di ja rahi price is season ke liye announced price se bahut kam hai.,agriculture,hinglish
342,Scheme ke tahat baante gaye hybrid maize seed ke ek batch mein hamare survey kiye gaye saath percent se zyada plots mein sprout hi nahi hua.,agriculture,hinglish
343,Irrigation department ne is saal doosre crop cycle ke liye time par paani release nahi kiya hai.,agriculture,hinglish
344,"Jin farmers ki poori chilli crop bacterial wilt se barbaad ho gayi, woh survey ke baad promise kiye gaye compensation ka abhi bhi wait kar rahe hain.",agriculture,hinglish
345,"Ek private vendor dwara spray kiya gaya pesticide bagal ke organic plot ko nuksaan pahuncha gaya, aur kisi ne responsibility nahi li.",agriculture,hinglish
346,Precision farming pilot ke tahat soil-moisture sensor kit ke liye hamara request ek saal se zyada time se pending hai.,agriculture,hinglish
347,"Local mandi ka weighbridge reportedly inconsistent readings de raha hai, jisse farmers ko payment mein nuksaan ho raha hai.",agriculture,hinglish
348,Grasshopper swarm groundnut ke kheton ko nuksaan pahuncha raha hai aur cooperative store mein pesticide ka stock khatam ho chuka hai.,agriculture,hinglish
349,Drip irrigation equipment ki subsidy paper par approve ho gayi lekin actual installation mahinon se delay ho raha hai.,agriculture,hinglish
350,Is saal turmeric ugane wale farmers ka kehna hai ki sarkari procurement centre ne bina reason bataye fresh stock lena band kar diya hai.,agriculture,hinglish
351,Seed replacement programme is cycle mein hamare village ko poori tarah skip kar gaya jabki hamare applications time par submit kiye gaye the.,agriculture,hinglish
352,Reservoir se paani release karne mein delay ki wajah se paddy transplanting ka window lagbhag do hafte miss ho gaya.,agriculture,hinglish
353,Cooperative godown mein kharab pest control ki wajah se chuhon ne rakhe anaaj ka ek hissa barbaad kar diya.,agriculture,hinglish
354,Hamare insurance claim decide karne ke liye kiya gaya crop cutting experiment aise plot par kiya gaya jo actual damage ko represent nahi karta tha.,agriculture,hinglish
355,"Farmers ko naye drought-resistant variety ke liye demonstration plot ka wada kiya gaya tha, lekin uske seeds kabhi nahi pahunche.",agriculture,hinglish
356,Jutai mein use hone wale bailon ke liye veterinary support pichle do mahinon se hamare block office mein available nahi hai.,agriculture,hinglish
357,Is season tomato crop mein fungal disease fail gayi hai aur lab bheje gaye samples ka hafton se koi jawab nahi aaya.,agriculture,hinglish
358,Hamare village ke kayi farmers ka kisan credit card renewal unclear reasons ki wajah se bank branch mein atka hua hai.,agriculture,hinglish
359,Horticulture department ko grafted mango saplings ke liye hamara request pichle planting season se unanswered hai.,agriculture,hinglish
360,"Groundnut bone ke turant baad is saal baarish ho gayi, aur scheme ke tahat promise ki gayi subsidised drainage support kabhi nahi mili.",agriculture,hinglish
361,Our taps have remained dry since Monday even though the neighbouring street is receiving water on schedule.,water,english
362,The tanker that used to visit our colony twice a week has not come in over ten days.,water,english
363,"Water from the pipeline has turned a faint yellow colour for the past few days, and we are still using it to cook.",water,english
364,Pressure at the community tap has dropped so low that filling one bucket now takes nearly twenty minutes.,water,english
365,The borewell that our hamlet depends on has run dry earlier than usual this year.,water,english
366,Households at the far end of our lane get barely a trickle while those near the main road get full supply.,water,english
367,The overhead tank serving our block has not been cleaned in what residents say is at least three years.,water,english
368,"Water supply now comes for only forty minutes in the early morning, down from the two hours we used to get.",water,english
369,A new connection application submitted six months ago has still not resulted in a functioning pipeline reaching our house.,water,english
370,The well that several families in our basti rely on has started tasting distinctly salty since the summer.,water,english
371,"Water tankers meant for our ward have reportedly been diverted to a neighbouring, more influential area.",water,english
372,The pipeline burst near the main road three weeks ago and water has been leaking out ever since instead of reaching homes.,water,english
373,Our village has had no reliable source of drinking water since the nearest handpump broke down last month.,water,english
374,"There has been visible sediment in the water coming from the tap for over a week, and it does not settle even after boiling.",water,english
375,The public water point installed under the scheme has never actually been connected to a functioning line.,water,english
376,"Summer supply timings were cut without any notice, and elderly residents now queue before dawn to fill containers.",water,english
377,"The desalination unit installed in our coastal village has been non-functional for months, forcing us back to buying water.",water,english
378,"Water in our area smells strongly of chlorine some days and of nothing at all on others, with no consistency in treatment.",water,english
379,The new housing colony has grown but the water pipeline network was never extended to cover the additional houses.,water,english
380,"A private tanker mafia reportedly controls water access in our slum, charging rates far above what the municipal supply should cost.",water,english
381,Our hillside hamlet has to fetch water from a spring nearly two kilometres away since the pipeline scheme stalled midway.,water,english
382,The water quality testing that was supposed to happen after complaints of a metallic taste never took place.,water,english
383,Three of the five public handpumps in our ward have been non-functional for over a year with no repair visit scheduled.,water,english
384,The tap connection meter appears to be running even on days when water pressure barely reaches our house.,water,english
385,Groundwater levels in our village have dropped so much that even functioning borewells now yield water for only an hour a day.,water,english
386,The municipal supply line running through our colony was damaged during roadwork and has not been restored since.,water,english
387,"Water tastes different depending on which part of our street you draw it from, suggesting contamination somewhere along the line.",water,english
388,Our request for a new borewell to replace the collapsed one has been pending at the panchayat for eight months.,water,english
389,The reservoir supplying our town has been running low and the rationing schedule keeps shifting without prior announcement.,water,english
390,Residents in the older part of the colony still rely on a single shared standpipe that serves nearly forty households.,water,english
391,"Since the treatment plant upgrade, the water reaching our tap has an unusual smell that was not there before.",water,english
392,The tanker driver assigned to our route has been skipping our lane and only serving the main road households.,water,english
393,There is no water connection at all in the newly resettled part of our village despite promises made two years ago.,water,english
394,"The check dam meant to recharge our aquifer was never completed, and wells nearby have started drying faster each summer.",water,english
395,"Our school and the surrounding homes share one borewell, which has started giving intermittent supply this month.",water,english
396,"A leak in the underground pipeline near the market has been running for weeks, wasting water while our taps stay dry.",water,english
397,The water supply schedule posted by the municipality does not match what actually happens at our tap most days.,water,english
398,Iron content in our tap water has stained clothes and containers for months without any explanation from the water department.,water,english
399,"Our hamlet's only source, a hand-dug well, has become unusable after debris fell into it during the last storm.",water,english
400,Water carts promised for the dry season have not been deployed even though the tanker route map lists our village.,water,english
401,सोमवार से हमारे नल सूखे पड़े हैं जबकि पड़ोस की गली में तय समय पर पानी आ रहा है।,water,hindi
402,"जो टैंकर हमारी कॉलोनी में हफ्ते में दो बार आता था, वह दस दिनों से ज्यादा समय से नहीं आया।",water,hindi
403,"पिछले कुछ दिनों से पाइपलाइन का पानी हल्का पीला दिख रहा है, फिर भी हम उसी से खाना बना रहे हैं।",water,hindi
404,सामुदायिक नल पर दबाव इतना कम हो गया है कि अब एक बाल्टी भरने में लगभग बीस मिनट लग जाते हैं।,water,hindi
405,हमारे मोहल्ले का बोरवेल इस साल हमेशा से पहले सूख गया है।,water,hindi
406,हमारी गली के अंत में बसे घरों को मुश्किल से बूंद-बूंद पानी मिलता है जबकि मुख्य सड़क के पास पूरा सप्लाई मिलता है।,water,hindi
407,हमारे ब्लॉक की ओवरहेड टंकी निवासियों के अनुसार कम से कम तीन साल से साफ नहीं की गई है।,water,hindi
408,"अब पानी की आपूर्ति सुबह सिर्फ चालीस मिनट के लिए आती है, जबकि पहले दो घंटे मिलते थे।",water,hindi
409,छह महीने पहले जमा किए गए नए कनेक्शन के आवेदन के बावजूद अभी तक हमारे घर तक कोई काम करती पाइपलाइन नहीं पहुंची है।,water,hindi
410,"हमारी बस्ती के कई परिवार जिस कुएं पर निर्भर हैं, उसका पानी गर्मियों से काफी नमकीन स्वाद देने लगा है।",water,hindi
411,"हमारे वार्ड के लिए तय टैंकर कथित तौर पर एक पड़ोसी, ज्यादा प्रभावशाली इलाके में मोड़ दिए गए हैं।",water,hindi
412,मुख्य सड़क के पास पाइपलाइन तीन हफ्ते पहले फट गई थी और तब से पानी घरों तक पहुंचने के बजाय बहता जा रहा है।,water,hindi
413,पिछले महीने नजदीकी हैंडपंप खराब होने के बाद से हमारे गांव में पीने के पानी का कोई भरोसेमंद स्रोत नहीं बचा।,water,hindi
414,"नल से आने वाले पानी में एक हफ्ते से साफ दिखने वाला तलछट है, जो उबालने के बाद भी नहीं बैठता।",water,hindi
415,योजना के तहत लगाया गया सार्वजनिक जल बिंदु कभी किसी काम करती लाइन से जुड़ा ही नहीं गया।,water,hindi
416,"बिना किसी सूचना के गर्मियों की आपूर्ति का समय घटा दिया गया, और अब बुजुर्ग निवासी बर्तन भरने के लिए भोर से पहले कतार में लगते हैं।",water,hindi
417,"हमारे तटीय गांव में लगाई गई डिसैलिनेशन यूनिट महीनों से बंद पड़ी है, जिससे हमें फिर से पानी खरीदना पड़ रहा है।",water,hindi
418,"हमारे इलाके का पानी कुछ दिन क्लोरीन की तेज गंध देता है और कुछ दिन बिल्कुल गंधहीन, ट्रीटमेंट में कोई एकरूपता नहीं दिखती।",water,hindi
419,नई हाउसिंग कॉलोनी तो बस गई लेकिन पाइपलाइन नेटवर्क को कभी अतिरिक्त घरों तक बढ़ाया ही नहीं गया।,water,hindi
420,"हमारी झुग्गी में कथित तौर पर एक निजी टैंकर माफिया पानी की पहुंच को नियंत्रित करता है, जो नगरपालिका आपूर्ति की कीमत से कहीं ज्यादा दर वसूलता है।",water,hindi
421,पाइपलाइन योजना बीच में अटक जाने के बाद हमारे पहाड़ी मोहल्ले को लगभग दो किलोमीटर दूर एक झरने से पानी लाना पड़ता है।,water,hindi
422,"धातु जैसे स्वाद की शिकायतों के बाद जो पानी की गुणवत्ता जांच होनी थी, वह कभी हुई ही नहीं।",water,hindi
423,हमारे वार्ड के पांच में से तीन सार्वजनिक हैंडपंप एक साल से ज्यादा समय से खराब पड़े हैं और मरम्मत का कोई दौरा तय नहीं है।,water,hindi
424,नल कनेक्शन का मीटर उन दिनों भी चलता दिखता है जब पानी का दबाव मुश्किल से हमारे घर तक पहुंचता है।,water,hindi
425,हमारे गांव में भूजल स्तर इतना गिर गया है कि चालू बोरवेल भी अब दिन में सिर्फ एक घंटे के लिए पानी दे रहे हैं।,water,hindi
426,हमारी कॉलोनी से गुजरने वाली नगरपालिका आपूर्ति लाइन सड़क के काम के दौरान क्षतिग्रस्त हो गई थी और तब से बहाल नहीं हुई।,water,hindi
427,"हमारी गली के किस हिस्से से पानी भरा जाए, इसके आधार पर उसका स्वाद अलग होता है, जो कहीं न कहीं संदूषण का संकेत देता है।",water,hindi
428,ढह गए बोरवेल की जगह नया बोरवेल लगाने का हमारा अनुरोध पंचायत में आठ महीने से लंबित है।,water,hindi
429,हमारे शहर को पानी देने वाला जलाशय कम हो गया है और राशनिंग का समय बिना पूर्व सूचना के लगातार बदलता रहता है।,water,hindi
430,कॉलोनी के पुराने हिस्से के निवासी अब भी एक ही साझा स्टैंडपाइप पर निर्भर हैं जो लगभग चालीस घरों को सेवा देता है।,water,hindi
431,ट्रीटमेंट प्लांट के अपग्रेड के बाद से हमारे नल तक पहुंचने वाले पानी में एक अजीब गंध आ रही है जो पहले नहीं थी।,water,hindi
432,हमारे रूट पर तैनात टैंकर चालक हमारी गली को छोड़कर सिर्फ मुख्य सड़क के घरों को ही पानी दे रहा है।,water,hindi
433,दो साल पहले किए गए वादों के बावजूद हमारे गांव के नए पुनर्वासित हिस्से में अभी तक कोई जल कनेक्शन ही नहीं है।,water,hindi
434,"हमारे जलभृत को रिचार्ज करने वाला चेक डैम कभी पूरा नहीं हुआ, और आस-पास के कुएं हर गर्मी में जल्दी सूखने लगे हैं।",water,hindi
435,"हमारा स्कूल और आस-पास के घर एक ही बोरवेल साझा करते हैं, जिसने इस महीने से रुक-रुक कर आपूर्ति देनी शुरू कर दी है।",water,hindi
436,"बाजार के पास भूमिगत पाइपलाइन में हफ्तों से रिसाव हो रहा है, जिससे पानी बर्बाद हो रहा है जबकि हमारे नल सूखे पड़े हैं।",water,hindi
437,नगरपालिका द्वारा जारी जल आपूर्ति का समय-सारणी ज्यादातर दिनों में हमारे नल पर वास्तव में जो होता है उससे मेल नहीं खाती।,water,hindi
438,"हमारे नल के पानी में आयरन की मात्रा ने महीनों से कपड़ों और बर्तनों पर दाग छोड़े हैं, जल विभाग की ओर से कोई स्पष्टीकरण नहीं आया।",water,hindi
439,"हमारे मोहल्ले का इकलौता स्रोत, एक हाथ से खोदा गया कुआं, पिछले तूफान में मलबा गिरने के बाद अनुपयोगी हो गया है।",water,hindi
440,"सूखे मौसम के लिए वादा किए गए वाटर कार्ट अभी तक तैनात नहीं किए गए हैं, हालांकि टैंकर रूट मैप में हमारे गांव का नाम दर्ज है।",water,hindi
441,Monday se hamare taps dry pade hain jabki pados ki gali mein tay time par paani aa raha hai.,water,hinglish
442,"Jo tanker hamari colony mein hafte mein do baar aata tha, woh das dinon se zyada time se nahi aaya.",water,hinglish
443,"Pichle kuch dinon se pipeline ka paani halka yellow dikh raha hai, phir bhi hum usi se khana bana rahe hain.",water,hinglish
444,Community tap par pressure itna kam ho gaya hai ki ab ek bucket bharne mein lagbhag bees minute lag jaate hain.,water,hinglish
445,Hamare mohalle ka borewell is saal hamesha se pehle sookh gaya hai.,water,hinglish
446,Hamari gali ke aakhir mein base ghar walon ko mushkil se boond-boond paani milta hai jabki main road ke paas poora supply milta hai.,water,hinglish
447,Hamare block ki overhead tank residents ke mutabik kam se kam teen saal se clean nahi hui hai.,water,hinglish
448,"Ab paani ki supply subah sirf chaalis minute ke liye aati hai, jabki pehle do ghante milte the.",water,hinglish
449,Chhe mahine pehle submit kiye gaye new connection application ke bawajood abhi tak hamare ghar tak koi functioning pipeline nahi pahunchi hai.,water,hinglish
450,"Hamari basti ke kayi families jis kuen par depend karte hain, uska paani garmiyon se kaafi namkeen taste dene laga hai.",water,hinglish
451,Hamare ward ke liye tay tankers reportedly ek pados ke zyada influential ilake mein divert kar diye gaye hain.,water,hinglish
452,Main road ke paas pipeline teen hafte pehle phat gayi thi aur tab se paani ghar tak pahunchne ke bajaye behta ja raha hai.,water,hinglish
453,Pichle mahine nazdeeki handpump kharab hone ke baad se hamare gaon mein drinking water ka koi reliable source nahi bacha.,water,hinglish
454,"Tap se aane wale paani mein ek hafte se saaf dikhne wala sediment hai, jo ubalne ke baad bhi nahi baithta.",water,hinglish
455,Scheme ke tahat lagaya gaya public water point kabhi kisi functioning line se connect hi nahi hua.,water,hinglish
456,"Bina kisi notice ke summer supply ka time ghata diya gaya, aur ab elderly residents bartan bharne ke liye subah se pehle queue mein lagte hain.",water,hinglish
457,"Hamare coastal village mein lagayi gayi desalination unit mahinon se band padi hai, jisse humein phir se paani kharidna pad raha hai.",water,hinglish
458,"Hamare ilake ka paani kuch din chlorine ki tez smell deta hai aur kuch din bilkul odourless, treatment mein koi consistency nahi dikhti.",water,hinglish
459,Nayi housing colony to bas gayi lekin pipeline network ko kabhi extra houses tak badhaya hi nahi gaya.,water,hinglish
460,"Hamari slum mein reportedly ek private tanker mafia paani ki access ko control karta hai, jo municipal supply ki cost se kahin zyada rate vasoolta hai.",water,hinglish
461,Pipeline scheme beech mein atak jaane ke baad hamare hillside mohalle ko lagbhag do kilometer door ek spring se paani laana padta hai.,water,hinglish
462,"Metallic taste ki complaints ke baad jo water quality testing honi thi, woh kabhi hui hi nahi.",water,hinglish
463,Hamare ward ke paanch mein se teen public handpumps ek saal se zyada time se kharab pade hain aur repair ka koi visit tay nahi hai.,water,hinglish
464,Tap connection ka meter un dinon bhi chalta dikhta hai jab paani ka pressure mushkil se hamare ghar tak pahuncha hai.,water,hinglish
465,Hamare gaon mein groundwater level itna gir gaya hai ki chalu borewells bhi ab din mein sirf ek ghante ke liye paani de rahe hain.,water,hinglish
466,Hamari colony se guzarne wali municipal supply line roadwork ke dauran damage ho gayi thi aur tab se restore nahi hui.,water,hinglish
467,"Hamari gali ke kis hisse se paani bhara jaaye, uske hisaab se uska taste alag hota hai, jo kahin na kahin contamination ka signal deta hai.",water,hinglish
468,Gir gaye borewell ki jagah naya borewell lagane ka hamara request panchayat mein aath mahine se pending hai.,water,hinglish
469,Hamare shehar ko paani dene wala reservoir kam ho gaya hai aur rationing ka schedule bina prior announcement ke lagatar badalta rehta hai.,water,hinglish
470,Colony ke purane hisse ke residents ab bhi ek hi shared standpipe par depend karte hain jo lagbhag chaalis households ko serve karta hai.,water,hinglish
471,Treatment plant ke upgrade ke baad se hamare tap tak pahunchne wale paani mein ek ajeeb smell aa rahi hai jo pehle nahi thi.,water,hinglish
472,Hamare route par assigned tanker driver hamari gali ko skip karke sirf main road ke households ko hi paani de raha hai.,water,hinglish
473,Do saal pehle kiye gaye promises ke bawajood hamare village ke naye resettled hisse mein abhi tak koi water connection hi nahi hai.,water,hinglish
474,"Hamare aquifer ko recharge karne wala check dam kabhi complete nahi hua, aur aas-paas ke kuen har garmi mein jaldi sookhne lage hain.",water,hinglish
475,"Hamara school aur aas-paas ke ghar ek hi borewell share karte hain, jisne is mahine se intermittent supply deni shuru kar di hai.",water,hinglish
476,"Market ke paas underground pipeline mein hafton se leak ho raha hai, jisse paani waste ho raha hai jabki hamare taps sookhe pade hain.",water,hinglish
477,Municipality dwara jaari water supply ka schedule zyadatar dinon mein hamare tap par actually jo hota hai usse match nahi karta.,water,hinglish
478,"Hamare tap ke paani mein iron content ne mahinon se kapdon aur bartano par daag chhode hain, water department ki taraf se koi explanation nahi aaya.",water,hinglish
479,"Hamare mohalle ka ikalauta source, ek haath se khoda gaya kuaan, pichle storm mein debris girne ke baad unusable ho gaya hai.",water,hinglish
480,"Sookhe mausam ke liye promise kiye gaye water carts abhi tak deploy nahi kiye gaye hain, halanki tanker route map mein hamare gaon ka naam darj hai.",water,hinglish
481,The drain running behind our houses has been clogged for weeks and now overflows onto the lane every time it rains.,sanitation,english
482,Sewage from the main line has been backing up into the ground floor of two houses on our street.,sanitation,english
483,The community toilet block in our basti has had no water connection for flushing since last month.,sanitation,english
484,A broken sewer pipe near the market has been leaking wastewater onto the road for over ten days.,sanitation,english
485,Our colony's septic tank was supposed to be desludged six months ago and the request is still pending with the municipality.,sanitation,english
486,"Stagnant wastewater has been collecting behind the row of shops, breeding mosquitoes for the whole neighbourhood.",sanitation,english
487,The public toilet near the bus stand has been locked for repairs for over two months with no alternative provided.,sanitation,english
488,"Open drains along our street have not been covered despite repeated requests, and children have to jump over them to reach school.",sanitation,english
489,The underground sewer line serving our block collapsed last monsoon and has only been patched temporarily since.,sanitation,english
490,Wastewater from the nearby factory outlet has been mixing with the open drain that passes right through our residential lane.,sanitation,english
491,"Our lane's manhole cover has been missing for weeks, and at night it has become a real hazard for pedestrians.",sanitation,english
492,"The sewage treatment plant serving our town has reportedly been operating at a fraction of its capacity, causing overflow downstream.",sanitation,english
493,Households in the older part of the colony still practice open defecation because the promised community toilets were never completed.,sanitation,english
494,A blocked storm drain outside our house means every rain now floods the ground floor with dirty water.,sanitation,english
495,The septic tank truck we called through the municipal helpline never showed up despite three separate bookings.,sanitation,english
496,Toilets built under the sanitation scheme in our village lack any functioning water supply to actually use them.,sanitation,english
497,"The sewer line connecting our street to the main network has never been laid, so waste simply collects in an open pit.",sanitation,english
498,"Residents near the drainage outfall say the smell has become unbearable, especially during the evenings.",sanitation,english
499,"The community toilet complex has only two functioning stalls out of ten, and both lack proper doors.",sanitation,english
500,A cracked sewage pipe beneath the road has been seeping into the adjoining well used by nearby households.,sanitation,english
501,Our ward's sanitation worker has stopped visiting the open drains for desilting since the contract changeover.,sanitation,english
502,"The public urinal near the market has no drainage connection at all, so waste simply pools on the ground around it.",sanitation,english
503,Children in our lane play near an open sewage channel because there is no barrier or covering of any kind.,sanitation,english
504,The school toilet block built two years ago has never been connected to any sewer line or septic system.,sanitation,english
505,Our housing block's shared toilet facility has had a broken door and no functioning flush for over a month.,sanitation,english
506,Sewage overflow from a nearby residential complex has been entering our lane's open drain for the past few weeks.,sanitation,english
507,The desludging vehicle assigned to our zone reportedly skipped our colony three cleaning cycles in a row.,sanitation,english
508,A collapsed drain cover near the temple has left an open pit that fills with wastewater after every rain.,sanitation,english
509,The community toilet built for our slum has been shut since the caretaker responsible for cleaning left the job.,sanitation,english
510,Wastewater from the dairy behind our lane flows directly into the open drain without any treatment.,sanitation,english
511,"Our village still lacks a functioning underground drainage system, so all wastewater runs along open channels through the settlement.",sanitation,english
512,The sewer connection application for our newly built house has been pending at the municipal office for nearly a year.,sanitation,english
513,A broken sanitary line near the school has been a source of foul smell and mosquito breeding for the entire term.,sanitation,english
514,The public toilet complex charges a fee but has not had running water for cleaning in over three weeks.,sanitation,english
515,"Our street's drainage has been redirected by an unauthorised construction next door, causing wastewater to pool outside our gate.",sanitation,english
516,The vacuum tanker meant to clear the choked sewer near the market has not been dispatched despite repeated complaints.,sanitation,english
517,Open defecation persists in the outskirts of our village because the nearest functioning toilet is nearly half a kilometre away.,sanitation,english
518,"A drainage pipe running under the road has cracked, letting sewage seep into the soil near the handpump used by residents.",sanitation,english
519,"The municipal sweeper responsible for our lane has stopped clearing the open drain, and it is now overflowing after every rain.",sanitation,english
520,"Our building's shared septic system has not been serviced in years, and the overflow now seeps into the compound.",sanitation,english
521,हमारे घरों के पीछे बहने वाला नाला हफ्तों से जाम है और अब हर बारिश में गली में बहकर आ जाता है।,sanitation,hindi
522,मुख्य लाइन से सीवेज हमारी गली के दो घरों की ग्राउंड फ्लोर में वापस आने लगा है।,sanitation,hindi
523,हमारी बस्ती के सामुदायिक शौचालय ब्लॉक में पिछले महीने से फ्लशिंग के लिए पानी का कनेक्शन नहीं है।,sanitation,hindi
524,बाजार के पास एक टूटी सीवर पाइप से दस दिनों से ज्यादा समय से गंदा पानी सड़क पर बह रहा है।,sanitation,hindi
525,हमारी कॉलोनी के सेप्टिक टैंक की सफाई छह महीने पहले होनी थी और नगरपालिका के पास यह अनुरोध अभी भी लंबित है।,sanitation,hindi
526,दुकानों की कतार के पीछे जमा गंदा पानी पूरे मोहल्ले के लिए मच्छर पैदा कर रहा है।,sanitation,hindi
527,"बस स्टैंड के पास सार्वजनिक शौचालय मरम्मत के लिए दो महीने से ज्यादा समय से बंद है, बिना किसी विकल्प के।",sanitation,hindi
528,"बार-बार अनुरोध के बावजूद हमारी गली में खुले नाले ढके नहीं गए हैं, और बच्चों को स्कूल पहुंचने के लिए उन्हें फांदना पड़ता है।",sanitation,hindi
529,हमारे ब्लॉक की भूमिगत सीवर लाइन पिछले मानसून में ढह गई थी और तब से सिर्फ अस्थायी तौर पर पैच की गई है।,sanitation,hindi
530,पास की फैक्ट्री के आउटलेट से निकलने वाला गंदा पानी उस खुले नाले में मिल रहा है जो सीधे हमारी रिहायशी गली से होकर गुजरता है।,sanitation,hindi
531,"हमारी गली का मैनहोल ढक्कन हफ्तों से गायब है, और रात में यह राहगीरों के लिए एक वास्तविक खतरा बन गया है।",sanitation,hindi
532,"हमारे शहर का सीवेज ट्रीटमेंट प्लांट कथित तौर पर अपनी क्षमता के एक छोटे हिस्से पर ही चल रहा है, जिससे नीचे की ओर ओवरफ्लो हो रहा है।",sanitation,hindi
533,कॉलोनी के पुराने हिस्से के घर अभी भी खुले में शौच करते हैं क्योंकि वादा किए गए सामुदायिक शौचालय कभी पूरे नहीं हुए।,sanitation,hindi
534,"हमारे घर के बाहर एक बंद तूफानी नाला है, जिसकी वजह से अब हर बारिश में ग्राउंड फ्लोर गंदे पानी से भर जाता है।",sanitation,hindi
535,नगरपालिका हेल्पलाइन के जरिए बुलाई गई सेप्टिक टैंक की गाड़ी तीन अलग-अलग बुकिंग के बावजूद कभी नहीं आई।,sanitation,hindi
536,हमारे गांव में स्वच्छता योजना के तहत बनाए गए शौचालयों में उपयोग के लिए कोई काम करता पानी कनेक्शन ही नहीं है।,sanitation,hindi
537,"हमारी गली को मुख्य नेटवर्क से जोड़ने वाली सीवर लाइन कभी बिछाई ही नहीं गई, इसलिए कचरा एक खुले गड्ढे में जमा होता रहता है।",sanitation,hindi
538,जल निकासी के आउटफॉल के पास रहने वाले निवासियों का कहना है कि खासकर शाम के समय बदबू असहनीय हो गई है।,sanitation,hindi
539,"सामुदायिक शौचालय परिसर में दस में से सिर्फ दो शौचालय काम कर रहे हैं, और दोनों में ठीक से दरवाजे भी नहीं हैं।",sanitation,hindi
540,सड़क के नीचे एक फटी सीवेज पाइप पास के उस कुएं में रिस रही है जिसका इस्तेमाल आसपास के घर करते हैं।,sanitation,hindi
541,हमारे वार्ड का सफाई कर्मचारी ठेका बदलने के बाद से खुले नालों की सफाई के लिए आना बंद कर चुका है।,sanitation,hindi
542,"बाजार के पास सार्वजनिक मूत्रालय का जल निकासी से कोई कनेक्शन ही नहीं है, इसलिए कचरा उसके चारों ओर जमीन पर ही जमा होता रहता है।",sanitation,hindi
543,हमारी गली के बच्चे एक खुले सीवेज चैनल के पास खेलते हैं क्योंकि वहां किसी तरह की कोई बैरियर या ढकाव नहीं है।,sanitation,hindi
544,दो साल पहले बना स्कूल का शौचालय ब्लॉक कभी किसी सीवर लाइन या सेप्टिक सिस्टम से जुड़ा ही नहीं गया।,sanitation,hindi
545,हमारे हाउसिंग ब्लॉक की साझा शौचालय सुविधा का दरवाजा टूटा है और एक महीने से ज्यादा समय से फ्लश काम नहीं कर रहा।,sanitation,hindi
546,पास के एक रिहायशी परिसर से सीवेज ओवरफ्लो पिछले कुछ हफ्तों से हमारी गली के खुले नाले में आ रहा है।,sanitation,hindi
547,हमारे क्षेत्र के लिए तय की गई सफाई गाड़ी लगातार तीन सफाई चक्रों में हमारी कॉलोनी को छोड़ गई।,sanitation,hindi
548,मंदिर के पास एक धंसा हुआ नाला ढक्कन एक खुला गड्ढा छोड़ गया है जो हर बारिश के बाद गंदे पानी से भर जाता है।,sanitation,hindi
549,हमारी झुग्गी के लिए बना सामुदायिक शौचालय तब से बंद है जब से सफाई की जिम्मेदारी संभालने वाला केयरटेकर नौकरी छोड़ गया।,sanitation,hindi
550,हमारी गली के पीछे स्थित डेयरी से निकलने वाला गंदा पानी बिना किसी उपचार के सीधे खुले नाले में बहता है।,sanitation,hindi
551,"हमारे गांव में अभी भी कोई काम करता भूमिगत जल निकासी सिस्टम नहीं है, इसलिए सारा गंदा पानी बस्ती के खुले चैनलों से होकर बहता है।",sanitation,hindi
552,हमारे नए बने घर के लिए सीवर कनेक्शन का आवेदन लगभग एक साल से नगरपालिका कार्यालय में लंबित है।,sanitation,hindi
553,स्कूल के पास एक टूटी हुई सैनिटरी लाइन पूरे सत्र के दौरान बदबू और मच्छर पैदा करने का स्रोत बनी रही।,sanitation,hindi
554,सार्वजनिक शौचालय परिसर शुल्क तो लेता है लेकिन तीन हफ्तों से ज्यादा समय से सफाई के लिए बहता पानी नहीं है।,sanitation,hindi
555,"पड़ोस में एक अनधिकृत निर्माण ने हमारी गली की जल निकासी को मोड़ दिया है, जिससे गंदा पानी हमारे गेट के बाहर जमा हो रहा है।",sanitation,hindi
556,बाजार के पास जाम सीवर को साफ करने वाला वैक्यूम टैंकर बार-बार शिकायत के बावजूद नहीं भेजा गया।,sanitation,hindi
557,हमारे गांव के बाहरी इलाके में खुले में शौच अब भी जारी है क्योंकि नजदीकी काम करता शौचालय लगभग आधा किलोमीटर दूर है।,sanitation,hindi
558,"सड़क के नीचे से गुजरने वाली एक जल निकासी पाइप में दरार आ गई है, जिससे सीवेज उस हैंडपंप के पास की मिट्टी में रिस रहा है जिसका निवासी इस्तेमाल करते हैं।",sanitation,hindi
559,"हमारी गली की जिम्मेदारी संभालने वाला नगरपालिका सफाईकर्मी खुले नाले की सफाई बंद कर चुका है, और अब हर बारिश के बाद यह ओवरफ्लो हो जाता है।",sanitation,hindi
560,"हमारी इमारत का साझा सेप्टिक सिस्टम सालों से सर्विस नहीं हुआ, और अब इसका ओवरफ्लो परिसर में रिसने लगा है।",sanitation,hindi
561,Hamare ghar ke peeche behne wala naala hafton se jam hai aur ab har baarish mein gali mein behkar aa jaata hai.,sanitation,hinglish
562,Main line se sewage hamari gali ke do gharon ki ground floor mein wapas aane laga hai.,sanitation,hinglish
563,Hamari basti ke community toilet block mein pichle mahine se flushing ke liye paani ka connection nahi hai.,sanitation,hinglish
564,Market ke paas ek tooti sewer pipe se das dinon se zyada time se ganda paani sadak par beh raha hai.,sanitation,hinglish
565,Hamari colony ke septic tank ki safai chhe mahine pehle honi thi aur municipality ke paas yeh request abhi bhi pending hai.,sanitation,hinglish
566,Dukano ki queue ke peeche jama ganda paani poore mohalle ke liye machhar paida kar raha hai.,sanitation,hinglish
567,"Bus stand ke paas public toilet repair ke liye do mahine se zyada time se band hai, bina kisi alternative ke.",sanitation,hinglish
568,"Baar-baar request ke bawajood hamari gali mein khule naale dhake nahi gaye hain, aur bachchon ko school pahunchne ke liye unhe phaandna padta hai.",sanitation,hinglish
569,Hamare block ki underground sewer line pichle monsoon mein dhah gayi thi aur tab se sirf temporary tarike se patch ki gayi hai.,sanitation,hinglish
570,Paas ki factory ke outlet se nikalne wala ganda paani us khule naale mein mil raha hai jo seedha hamari residential gali se hokar guzarta hai.,sanitation,hinglish
571,"Hamari gali ka manhole cover hafton se gayab hai, aur raat mein yeh pedestrians ke liye ek real hazard ban gaya hai.",sanitation,hinglish
572,"Hamare shehar ka sewage treatment plant reportedly apni capacity ke ek chhote hisse par hi chal raha hai, jisse neeche ki taraf overflow ho raha hai.",sanitation,hinglish
573,Colony ke purane hisse ke ghar abhi bhi khule mein shauch karte hain kyunki promise kiye gaye community toilets kabhi complete nahi hue.,sanitation,hinglish
574,"Hamare ghar ke bahar ek band storm drain hai, jiski wajah se ab har baarish mein ground floor ganda paani se bhar jaata hai.",sanitation,hinglish
575,Municipality helpline ke through bulayi gayi septic tank ki gaadi teen alag-alag bookings ke bawajood kabhi nahi aayi.,sanitation,hinglish
576,Hamare gaon mein sanitation scheme ke tahat banaye gaye toilets mein use ke liye koi functioning water connection hi nahi hai.,sanitation,hinglish
577,"Hamari gali ko main network se jodne wali sewer line kabhi bichhayi hi nahi gayi, isliye waste ek khule gaddhe mein jama hota rehta hai.",sanitation,hinglish
578,Drainage outfall ke paas rehne wale residents ka kehna hai ki khaaskar shaam ke time smell unbearable ho gayi hai.,sanitation,hinglish
579,"Community toilet complex mein das mein se sirf do stalls kaam kar rahe hain, aur dono mein theek se doors bhi nahi hain.",sanitation,hinglish
580,Sadak ke neeche ek phati sewage pipe us paas wale kuen mein rees rahi hai jise aas-paas ke ghar use karte hain.,sanitation,hinglish
581,Hamare ward ka safai worker contract change hone ke baad se khule naalon ki desilting ke liye aana band kar chuka hai.,sanitation,hinglish
582,"Market ke paas public urinal ka drainage se koi connection hi nahi hai, isliye waste uske aas-paas zameen par hi jama hota rehta hai.",sanitation,hinglish
583,Hamari gali ke bachche ek khule sewage channel ke paas khelte hain kyunki wahan kisi tarah ka koi barrier ya covering nahi hai.,sanitation,hinglish
584,Do saal pehle bana school ka toilet block kabhi kisi sewer line ya septic system se juda hi nahi gaya.,sanitation,hinglish
585,Hamare housing block ki shared toilet facility ka darwaza toota hai aur ek mahine se zyada time se flush kaam nahi kar raha.,sanitation,hinglish
586,Paas ke ek residential complex se sewage overflow pichle kuch hafton se hamari gali ke khule naale mein aa raha hai.,sanitation,hinglish
587,Hamare zone ke liye assign ki gayi desludging vehicle lagatar teen cleaning cycles mein hamari colony ko skip kar gayi.,sanitation,hinglish
588,Mandir ke paas ek dhansa hua naala cover ek khula gaddha chhod gaya hai jo har baarish ke baad ganda paani se bhar jaata hai.,sanitation,hinglish
589,Hamari slum ke liye bana community toilet tab se band hai jab se safai ki responsibility sambhalne wala caretaker job chhod gaya.,sanitation,hinglish
590,Hamari gali ke peeche sthit dairy se nikalne wala ganda paani bina kisi treatment ke seedha khule naale mein behta hai.,sanitation,hinglish
591,"Hamare gaon mein abhi bhi koi functioning underground drainage system nahi hai, isliye saara ganda paani basti ke khule channels se hokar behta hai.",sanitation,hinglish
592,Hamare naye bane ghar ke liye sewer connection ka application lagbhag ek saal se municipal office mein pending hai.,sanitation,hinglish
593,School ke paas ek tooti hui sanitary line poore session ke dauran badbu aur machhar paida karne ka source bani rahi.,sanitation,hinglish
594,Public toilet complex fee to leta hai lekin teen hafton se zyada time se safai ke liye behta paani nahi hai.,sanitation,hinglish
595,"Pados mein ek unauthorised construction ne hamari gali ki drainage ko mod diya hai, jisse ganda paani hamare gate ke bahar jama ho raha hai.",sanitation,hinglish
596,Market ke paas jam sewer ko saaf karne wala vacuum tanker baar-baar complaint ke bawajood nahi bheja gaya.,sanitation,hinglish
597,Hamare gaon ke bahri ilake mein khule mein shauch ab bhi jaari hai kyunki nazdeeki functioning toilet lagbhag aadha kilometer door hai.,sanitation,hinglish
598,"Sadak ke neeche se guzarne wali ek drainage pipe mein crack aa gaya hai, jisse sewage us handpump ke paas ki mitti mein rees raha hai jise residents use karte hain.",sanitation,hinglish
599,"Hamari gali ki responsibility sambhalne wala municipal sweeper khule naale ki safai band kar chuka hai, aur ab har baarish ke baad yeh overflow ho jaata hai.",sanitation,hinglish
600,"Hamari building ka shared septic system saalon se serviced nahi hua, aur ab uska overflow compound mein reesne laga hai.",sanitation,hinglish
601,Thick black smoke from the brick kiln on the edge of our village settles over the fields every morning before sunrise.,environment,english
602,The stream behind our colony has turned a strange grey colour since a new unit opened upstream last year.,environment,english
603,"Noise from the stone crushing unit runs well past midnight, and residents nearest to it can no longer sleep properly.",environment,english
604,Dozens of old trees along our road were cut down last week without any public notice or replacement planting planned.,environment,english
605,Ash from the nearby thermal plant settles on our terraces and vegetable patches every few days.,environment,english
606,A tannery on the outskirts has reportedly been discharging untreated effluent directly into the river we use for irrigation.,environment,english
607,The air near the industrial belt has become so thick some mornings that visibility drops to barely a hundred metres.,environment,english
608,Illegal burning of plastic waste behind the market releases acrid smoke into our neighbourhood most evenings.,environment,english
609,A patch of mangrove forest that protected our coastal hamlet from storm surges has been cleared for a private project.,environment,english
610,The chemical smell from the factory two kilometres away has become strong enough to cause headaches among residents.,environment,english
611,Fly ash from a nearby unit has been settling on crops in the fields closest to the boundary wall.,environment,english
612,Groundwater near the industrial cluster has developed a strange odour that residents say started after a new plant began operations.,environment,english
613,Continuous flaring from the gas processing unit lights up the night sky and the accompanying noise carries for kilometres.,environment,english
614,A once-clear pond used by the village for generations has turned foul-smelling since a dyeing unit began operating nearby.,environment,english
615,The hills behind our town have lost significant tree cover this year due to unregulated quarrying operations.,environment,english
616,Fumes from an unregulated recycling unit in our neighbourhood have made the air noticeably harder to breathe in the evenings.,environment,english
617,"Fine dust from the cement plant settles on everything in our lane, and respiratory complaints among elderly residents have risen sharply.",environment,english
618,An unauthorised dumping site near the riverbank has begun leaching a dark liquid into the water during heavy rain.,environment,english
619,Migratory birds that used to stop at our wetland each winter have stopped coming since the water quality changed two years ago.,environment,english
620,The paper mill's chimney releases a visible plume every night that settles as a fine residue on nearby rooftops by morning.,environment,english
621,Excessive honking and unregulated loudspeaker use near the market has pushed noise levels well past what should be tolerable in a residential zone.,environment,english
622,"A quarry blasting schedule that was supposed to be limited to daytime hours has been running late into the evening, cracking walls in nearby homes.",environment,english
623,"The lake in our town, once used for fishing, now has a persistent film on its surface traced back to a nearby workshop cluster.",environment,english
624,Deforestation on the slope above our village has made the monsoon runoff far more destructive than it used to be.,environment,english
625,A rendering plant on the town's edge releases an overpowering smell that reaches residential areas whenever the wind shifts.,environment,english
626,"The air quality near the highway construction site has worsened noticeably, with fine dust settling on homes for months now.",environment,english
627,Chemical foam has been observed floating on the river downstream of the textile cluster after every heavy rain.,environment,english
628,Noise from generators run continuously by a nearby workshop has made it difficult for residents to have conversations indoors after dark.,environment,english
629,An old quarry pit left unfilled near our settlement has become a breeding ground for mosquitoes and a hazard for children.,environment,english
630,The soil in the fields nearest the industrial drain has become visibly discoloured over the last two growing seasons.,environment,english
631,Cutting of roadside trees for a widening project proceeded without the compensatory plantation that was promised at the public hearing.,environment,english
632,A sudden fish die-off in our local river coincided with reports of a chemical spill upstream that was never officially confirmed.,environment,english
633,The smoke from crop residue burning in the surrounding fields has made the air unbearable in our village for weeks each year.,environment,english
634,An industrial unit near the residential colony has been releasing wastewater with a strong chemical odour into the open field behind it.,environment,english
635,Vibrations from continuous heavy machinery at a nearby crusher unit have caused visible cracks to appear in several nearby homes.,environment,english
636,The riverside forest patch that once buffered our village from flooding has been cleared for a private resort project.,environment,english
637,Air pollution readings near the industrial zone have consistently exceeded safe limits for the past several months according to residents who track it informally.,environment,english
638,"A private company has reportedly been dumping construction debris into the wetland at the edge of our town, filling it in gradually.",environment,english
639,The smell of burning rubber from an unregulated tyre-recycling operation drifts into our colony almost every afternoon.,environment,english
640,"Noise levels from a nearby DJ and event venue regularly exceed permitted limits late into the night, with no enforcement visible.",environment,english
641,हमारे गांव के किनारे स्थित ईंट भट्टे से निकलने वाला घना काला धुआं हर सुबह सूर्योदय से पहले खेतों पर छा जाता है।,environment,hindi
642,पिछले साल से ऊपर की ओर एक नई यूनिट खुलने के बाद हमारी कॉलोनी के पीछे की धारा अजीब स्लेटी रंग की हो गई है।,environment,hindi
643,"पत्थर तोड़ने वाली यूनिट से आने वाला शोर आधी रात के बाद तक चलता है, और सबसे नजदीक रहने वाले निवासी अब ठीक से सो नहीं पाते।",environment,hindi
644,हमारी सड़क के किनारे लगे दर्जनों पुराने पेड़ पिछले हफ्ते बिना किसी सार्वजनिक सूचना या प्रतिपूरक रोपण योजना के काट दिए गए।,environment,hindi
645,पास के थर्मल प्लांट से निकलने वाली राख हर कुछ दिनों में हमारी छतों और सब्जी की क्यारियों पर जम जाती है।,environment,hindi
646,बाहरी इलाके में स्थित एक चमड़ा उद्योग कथित तौर पर उस नदी में सीधे अशोधित अपशिष्ट छोड़ रहा है जिसका हम सिंचाई के लिए इस्तेमाल करते हैं।,environment,hindi
647,औद्योगिक क्षेत्र के पास हवा कुछ सुबहों में इतनी गाढ़ी हो जाती है कि दृश्यता मुश्किल से सौ मीटर रह जाती है।,environment,hindi
648,बाजार के पीछे प्लास्टिक कचरे का अवैध जलाना ज्यादातर शामों को हमारे मोहल्ले में तीखा धुआं छोड़ता है।,environment,hindi
649,हमारी तटीय बस्ती को तूफानी लहरों से बचाने वाला मैंग्रोव जंगल का एक टुकड़ा एक निजी परियोजना के लिए साफ कर दिया गया।,environment,hindi
650,दो किलोमीटर दूर फैक्ट्री से आने वाली रासायनिक गंध निवासियों में सिरदर्द पैदा करने लायक तेज हो गई है।,environment,hindi
651,पास की एक यूनिट से निकलने वाली फ्लाई ऐश सीमा दीवार के सबसे करीब वाले खेतों की फसलों पर जम रही है।,environment,hindi
652,"औद्योगिक समूह के पास भूजल में एक अजीब गंध आने लगी है, निवासियों का कहना है कि यह एक नया प्लांट शुरू होने के बाद से हुआ है।",environment,hindi
653,गैस प्रोसेसिंग यूनिट से लगातार होने वाला फ्लेयरिंग रात के आसमान को रोशन कर देता है और उसके साथ आने वाला शोर किलोमीटर दूर तक सुनाई देता है।,environment,hindi
654,पीढ़ियों से गांव द्वारा इस्तेमाल किया जाने वाला एक साफ तालाब पास में एक रंगाई यूनिट शुरू होने के बाद से बदबूदार हो गया है।,environment,hindi
655,अनियमित खनन गतिविधियों के कारण हमारे शहर के पीछे की पहाड़ियों ने इस साल काफी पेड़ों का आवरण खो दिया है।,environment,hindi
656,हमारे मोहल्ले में एक अनियमित रीसाइक्लिंग यूनिट से निकलने वाला धुआं शाम को सांस लेना काफी मुश्किल बना देता है।,environment,hindi
657,"सीमेंट प्लांट की महीन धूल हमारी गली में हर चीज पर जमती है, और बुजुर्ग निवासियों में सांस संबंधी शिकायतें तेजी से बढ़ी हैं।",environment,hindi
658,नदी किनारे एक अनधिकृत डंपिंग साइट भारी बारिश के दौरान पानी में एक गहरा तरल पदार्थ रिसाना शुरू कर चुकी है।,environment,hindi
659,हमारी वेटलैंड पर हर सर्दी में रुकने वाले प्रवासी पक्षी पानी की गुणवत्ता बदलने के बाद से दो साल से आना बंद कर चुके हैं।,environment,hindi
660,पेपर मिल की चिमनी हर रात एक साफ दिखने वाला धुआं छोड़ती है जो सुबह तक आस-पास की छतों पर महीन अवशेष के रूप में जम जाता है।,environment,hindi
661,बाजार के पास अत्यधिक हॉर्न बजाना और अनियमित लाउडस्पीकर इस्तेमाल शोर के स्तर को रिहायशी क्षेत्र के लिए सहनीय सीमा से कहीं ज्यादा बढ़ा चुका है।,environment,hindi
662,"जो खदान ब्लास्टिंग शेड्यूल केवल दिन के समय तक सीमित होना था, वह अब शाम तक चल रहा है, जिससे आस-पास के घरों की दीवारों में दरारें आ रही हैं।",environment,hindi
663,"हमारे शहर की झील, जो कभी मछली पकड़ने के लिए इस्तेमाल होती थी, अब उसकी सतह पर एक स्थायी परत जमी रहती है जिसका स्रोत पास का एक वर्कशॉप समूह बताया जा रहा है।",environment,hindi
664,हमारे गांव के ऊपर की ढलान पर वनों की कटाई ने मानसून के बहाव को पहले से कहीं ज्यादा विनाशकारी बना दिया है।,environment,hindi
665,शहर के किनारे स्थित एक रेंडरिंग प्लांट से निकलने वाली तीखी गंध हवा की दिशा बदलते ही रिहायशी इलाकों तक पहुंच जाती है।,environment,hindi
666,"हाईवे निर्माण स्थल के पास हवा की गुणवत्ता स्पष्ट रूप से बिगड़ गई है, महीन धूल महीनों से घरों पर जम रही है।",environment,hindi
667,हर भारी बारिश के बाद टेक्सटाइल समूह के नीचे की ओर नदी में रासायनिक झाग तैरता हुआ देखा जा रहा है।,environment,hindi
668,पास की एक वर्कशॉप द्वारा लगातार चलाए जाने वाले जनरेटरों के शोर ने अंधेरा होने के बाद निवासियों के लिए घर के अंदर बातचीत करना मुश्किल बना दिया है।,environment,hindi
669,हमारी बस्ती के पास बिना भरे छोड़ा गया एक पुराना खदान गड्ढा मच्छरों के प्रजनन स्थल और बच्चों के लिए खतरा बन गया है।,environment,hindi
670,औद्योगिक नाले के सबसे करीब खेतों की मिट्टी पिछले दो फसल मौसमों में स्पष्ट रूप से रंग बदल चुकी है।,environment,hindi
671,चौड़ीकरण परियोजना के लिए सड़क किनारे के पेड़ों की कटाई सार्वजनिक सुनवाई में वादा किए गए प्रतिपूरक रोपण के बिना ही आगे बढ़ गई।,environment,hindi
672,हमारी स्थानीय नदी में अचानक मछलियों की मौत ऊपर की ओर एक रासायनिक रिसाव की रिपोर्ट के साथ मेल खाती है जिसकी कभी आधिकारिक पुष्टि नहीं हुई।,environment,hindi
673,आस-पास के खेतों में फसल अवशेष जलाने से निकलने वाला धुआं हर साल हफ्तों तक हमारे गांव में हवा को असहनीय बना देता है।,environment,hindi
674,रिहायशी कॉलोनी के पास एक औद्योगिक यूनिट तेज रासायनिक गंध वाला अपशिष्ट जल उसके पीछे के खुले मैदान में छोड़ रही है।,environment,hindi
675,पास की एक क्रशर यूनिट में लगातार चलने वाली भारी मशीनरी से आने वाले कंपन ने कई पास के घरों में दरारें दिखाई देनी शुरू कर दी हैं।,environment,hindi
676,"नदी किनारे का जंगल का वह टुकड़ा जो कभी हमारे गांव को बाढ़ से बचाता था, एक निजी रिसॉर्ट परियोजना के लिए साफ कर दिया गया है।",environment,hindi
677,"निवासियों के अनौपचारिक रूप से किए गए ट्रैकिंग के अनुसार, औद्योगिक क्षेत्र के पास वायु प्रदूषण की रीडिंग पिछले कई महीनों से लगातार सुरक्षित सीमा पार कर रही है।",environment,hindi
678,एक निजी कंपनी कथित तौर पर हमारे शहर के किनारे वेटलैंड में निर्माण मलबा डालकर उसे धीरे-धीरे भर रही है।,environment,hindi
679,एक अनियमित टायर-रीसाइक्लिंग संचालन से जलते रबर की गंध लगभग हर दोपहर हमारी कॉलोनी में आ जाती है।,environment,hindi
680,"पास के एक डीजे और इवेंट वेन्यू से निकलने वाला शोर नियमित रूप से देर रात तक अनुमत सीमा से अधिक रहता है, बिना किसी दिखाई देने वाले प्रवर्तन के।",environment,hindi
681,Hamare village ke kinare sthit brick kiln se nikalne wala ghana kaala dhuaan har subah sunrise se pehle kheton par chha jaata hai.,environment,hinglish
682,Pichle saal se upar ki taraf ek nayi unit khulne ke baad hamari colony ke peeche ki stream ajeeb grey color ki ho gayi hai.,environment,hinglish
683,"Stone crushing unit se aane wala noise aadhi raat ke baad tak chalta hai, aur sabse nazdeek rehne wale residents ab theek se so nahi paate.",environment,hinglish
684,Hamari sadak ke kinare lage dozens purane ped pichle hafte bina kisi public notice ya replacement planting plan ke kaat diye gaye.,environment,hinglish
685,Paas ke thermal plant se nikalne wali ash har kuch dinon mein hamari terraces aur vegetable patches par jam jaati hai.,environment,hinglish
686,Bahri ilake mein sthit ek tannery reportedly us river mein seedha untreated effluent chhod rahi hai jise hum irrigation ke liye use karte hain.,environment,hinglish
687,Industrial belt ke paas hawa kuch subaho mein itni thick ho jaati hai ki visibility mushkil se sau meter reh jaati hai.,environment,hinglish
688,Market ke peeche plastic waste ka illegal burning zyadatar shaamon ko hamare mohalle mein tez dhuaan chhodta hai.,environment,hinglish
689,Hamari coastal basti ko storm surges se bachane wala mangrove forest ka ek patch ek private project ke liye clear kar diya gaya.,environment,hinglish
690,Do kilometer door factory se aane wali chemical smell residents mein headache paida karne layak strong ho gayi hai.,environment,hinglish
691,Paas ki ek unit se nikalne wali fly ash boundary wall ke sabse kareeb wale kheton ki crops par jam rahi hai.,environment,hinglish
692,"Industrial cluster ke paas groundwater mein ek ajeeb odour aane lagi hai, residents ka kehna hai ki yeh ek naya plant shuru hone ke baad se hua hai.",environment,hinglish
693,Gas processing unit se lagatar hone wala flaring raat ke aasmaan ko roshan kar deta hai aur uske saath aane wala noise kilometers door tak sunayi deta hai.,environment,hinglish
694,Peedhiyon se village dwara use kiya jaane wala ek saaf pond paas mein ek dyeing unit shuru hone ke baad se badbudaar ho gaya hai.,environment,hinglish
695,Unregulated quarrying operations ki wajah se hamare town ke peeche ki hills ne is saal kaafi tree cover kho diya hai.,environment,hinglish
696,Hamare mohalle mein ek unregulated recycling unit se nikalne wala fumes shaam ko saans lena kaafi mushkil bana deta hai.,environment,hinglish
697,"Cement plant ki fine dust hamari gali mein har cheez par jamti hai, aur elderly residents mein respiratory complaints tezi se badhi hain.",environment,hinglish
698,River ke kinare ek unauthorised dumping site heavy rain ke dauran paani mein ek dark liquid leach karna shuru kar chuki hai.,environment,hinglish
699,Hamari wetland par har sardi ruknay wale migratory birds water quality badalne ke baad se do saal se aana band kar chuke hain.,environment,hinglish
700,Paper mill ki chimney har raat ek visible plume chhodti hai jo subah tak aas-paas ki chhaton par fine residue ki tarah jam jaata hai.,environment,hinglish
701,Market ke paas excessive honking aur unregulated loudspeaker use ne noise levels ko residential zone ke liye tolerable limit se kahin zyada badha diya hai.,environment,hinglish
702,"Jo quarry blasting schedule sirf daytime hours tak limited hona tha, woh ab shaam tak chal raha hai, jisse aas-paas ke gharon ki deewaron mein cracks aa rahe hain.",environment,hinglish
703,"Hamare town ki lake, jo kabhi fishing ke liye use hoti thi, ab uski surface par ek persistent film rehti hai jiska source paas ka ek workshop cluster bataya ja raha hai.",environment,hinglish
704,Hamare village ke upar ki slope par deforestation ne monsoon runoff ko pehle se kahin zyada destructive bana diya hai.,environment,hinglish
705,Town ke edge par sthit ek rendering plant se nikalne wali overpowering smell wind shift hote hi residential areas tak pahunch jaati hai.,environment,hinglish
706,"Highway construction site ke paas air quality clearly bigad gayi hai, fine dust mahinon se gharon par jam rahi hai.",environment,hinglish
707,Har heavy rain ke baad textile cluster ke neeche ki taraf river mein chemical foam tairta hua dekha ja raha hai.,environment,hinglish
708,Paas ki ek workshop dwara continuously chalaye jaane wale generators ke noise ne andhera hone ke baad residents ke liye ghar ke andar baat karna mushkil bana diya hai.,environment,hinglish
709,Hamari basti ke paas bina bhare chhoda gaya ek purana quarry pit machharon ka breeding ground aur bachchon ke liye hazard ban gaya hai.,environment,hinglish
710,Industrial drain ke sabse kareeb kheton ki soil pichle do growing seasons mein clearly discolour ho chuki hai.,environment,hinglish
711,Widening project ke liye roadside trees ki cutting public hearing mein promise ki gayi compensatory plantation ke bina hi aage badh gayi.,environment,hinglish
712,Hamari local river mein achanak fish die-off ek chemical spill ki reports ke saath match karta hai jo upar ki taraf hua tha aur kabhi officially confirm nahi hua.,environment,hinglish
713,Aas-paas ke kheton mein crop residue burning se nikalne wala dhuaan har saal hafton tak hamare village mein hawa ko unbearable bana deta hai.,environment,hinglish
714,Residential colony ke paas ek industrial unit strong chemical odour wala wastewater uske peeche ke open field mein chhod rahi hai.,environment,hinglish
715,Paas ki ek crusher unit mein continuously chalne wali heavy machinery se aane wale vibrations ne kayi paas ke gharon mein visible cracks dikhayi deni shuru kar di hain.,environment,hinglish
716,"Riverside forest ka woh patch jo kabhi hamare village ko flooding se bachata tha, ek private resort project ke liye clear kar diya gaya hai.",environment,hinglish
717,"Residents ke informally kiye gaye tracking ke mutabik, industrial zone ke paas air pollution readings pichle kayi mahinon se lagatar safe limit paar kar rahi hain.",environment,hinglish
718,Ek private company reportedly hamare town ke edge par wetland mein construction debris daalkar use dheere-dheere bhar rahi hai.,environment,hinglish
719,Ek unregulated tyre-recycling operation se jalte rubber ki smell lagbhag har afternoon hamari colony mein aa jaati hai.,environment,hinglish
720,"Paas ke ek DJ aur event venue se nikalne wala noise regularly late night tak permitted limit se zyada rehta hai, bina kisi visible enforcement ke.",environment,hinglish
721,Power has been going out every evening around dinner time for the past two weeks without any announced schedule.,energy,english
722,The transformer serving our lane blew out four days ago and there is still no word on when a replacement will arrive.,energy,english
723,Voltage at our house fluctuates so badly that we have stopped running the refrigerator out of fear of damaging it.,energy,english
724,Our electricity bill this month shows a reading nearly triple what the meter itself displays.,energy,english
725,"The new connection we applied for eight months ago is still pending, and we continue running on an unofficial line.",energy,english
726,"A live wire has been hanging low over the lane since last week's storm, and no lineman has come to fix it.",energy,english
727,"Load shedding in our area now runs for six hours a day, far longer than the two hours announced by the department.",energy,english
728,The meter installed last year has been recording usage even on days when we know the connection was completely disconnected upstream.,energy,english
729,"Our streetlight pole itself is fine, but the underground cable feeding it has been cut since the roadwork, so it stays dark every night.",energy,english
730,A transformer fire two streets away has left our entire block without power for the third day running.,energy,english
731,"Farmers in our area get electricity for irrigation pumps at unpredictable hours, often in the middle of the night.",energy,english
732,The billing department has been sending notices for a connection that was disconnected and removed over a year ago.,energy,english
733,Power cuts during exam season have made it difficult for students in our colony to study in the evenings.,energy,english
734,The solar streetlight units installed last year have stopped charging properly and go dark within an hour of sunset.,energy,english
735,Our request to shift the sanctioned load for a new borewell connection has been pending at the sub-station office for months.,energy,english
736,A recurring fault at the local substation causes the power to trip almost every time it rains even slightly.,energy,english
737,The electric pole outside our house is visibly tilted after the last storm and residents worry it could fall during the next one.,energy,english
738,"Our neighbourhood has had unannounced power cuts nearly every afternoon this month, disrupting work-from-home schedules.",energy,english
739,"The energy meter reading was taken from outside the gate without anyone actually checking the display, and the bill reflects an estimate far higher than usage.",energy,english
740,A short circuit at the nearby junction box caused sparks that nearly started a fire before anyone responded.,energy,english
741,The smart meter installed under the new scheme has been showing zero consumption for two months despite the household using power daily.,energy,english
742,"Our area's electricity supply has been suspended for hours at a stretch during the ongoing line maintenance, with no prior notice given.",energy,english
743,Voltage drops so severely in the evening that even tube lights flicker and barely stay lit until the peak hours pass.,energy,english
744,"The transformer capacity for our expanding colony was never upgraded, so outages have become routine as more households connect.",energy,english
745,Our application for a subsidised solar rooftop connection has been stuck at the discom office for over five months.,energy,english
746,"Power supply to the agricultural feeder line was cut mid-afternoon without notice, right during peak irrigation hours.",energy,english
747,A faulty meter box has reportedly been overbilling several households on our street for the past two billing cycles.,energy,english
748,The electricity department disconnected our supply over a disputed bill despite our having submitted proof of prior payment.,energy,english
749,Repeated tripping of the local feeder has damaged two refrigerators in our lane this summer alone.,energy,english
750,"An exposed electrical junction near the community well has become a serious safety hazard, especially for children playing nearby.",energy,english
751,Our request to shift an overhead line that runs dangerously close to a rooftop has been pending with the department for over a year.,energy,english
752,"The billing cycle for our connection appears to have skipped a month entirely, and the next bill arrived with an unexplained lump sum added.",energy,english
753,"During the last heatwave, power to our block was cut for nearly eight hours straight with no update from the helpline.",energy,english
754,A downed line following heavy winds has been lying uncleared in the open field near our homes for four days now.,energy,english
755,The new transformer installed after the last failure trips every evening once household load increases past a certain point.,energy,english
756,"Our colony's underground cabling project has been left half-finished, leaving several homes still connected through exposed overhead wires.",energy,english
757,The energy department's helpline number has not been answered in three attempts over the past week regarding our outage.,energy,english
758,A recurring low-voltage problem in our lane has damaged the motor of the community borewell twice this year.,energy,english
759,"Power restoration after the recent storm took the department nearly five days for our part of the village, far longer than surrounding areas.",energy,english
760,The prepaid meter installed under the pilot scheme has been deducting balance at a rate that does not match our actual usage.,energy,english
761,पिछले दो हफ्तों से हर शाम खाने के समय के आसपास बिना किसी घोषित समय-सारणी के बिजली चली जाती है।,energy,hindi
762,हमारी गली की ट्रांसफार्मर चार दिन पहले जल गई और अभी तक यह पता नहीं है कि बदली गई ट्रांसफार्मर कब आएगी।,energy,hindi
763,हमारे घर में वोल्टेज इतना उतार-चढ़ाव करता है कि हमने फ्रिज चलाना बंद कर दिया है ताकि वह खराब न हो।,energy,hindi
764,इस महीने हमारे बिजली बिल में रीडिंग मीटर पर दिखने वाली रीडिंग से लगभग तीन गुना ज्यादा दिखाई गई है।,energy,hindi
765,"आठ महीने पहले लगाया गया नया कनेक्शन अभी भी लंबित है, और हम अनौपचारिक लाइन पर काम चला रहे हैं।",energy,hindi
766,"पिछले हफ्ते के तूफान के बाद से गली में एक लाइव तार नीचे लटका हुआ है, और कोई लाइनमैन इसे ठीक करने नहीं आया।",energy,hindi
767,"हमारे इलाके में अब लोड शेडिंग रोजाना छह घंटे तक चलती है, जो विभाग द्वारा घोषित दो घंटे से कहीं ज्यादा है।",energy,hindi
768,पिछले साल लगाया गया मीटर उन दिनों भी खपत दर्ज कर रहा है जब हमें पता है कि ऊपर की ओर कनेक्शन पूरी तरह डिस्कनेक्ट था।,energy,hindi
769,"हमारा स्ट्रीटलाइट खंभा तो ठीक है, लेकिन उसे बिजली देने वाली भूमिगत केबल सड़क के काम के बाद से कटी हुई है, इसलिए वह हर रात अंधेरा रहता है।",energy,hindi
770,दो गलियां दूर ट्रांसफार्मर में आग लगने से हमारे पूरे ब्लॉक में लगातार तीसरे दिन बिजली गायब है।,energy,hindi
771,"हमारे इलाके के किसानों को सिंचाई पंप के लिए बिजली अप्रत्याशित समय पर मिलती है, अक्सर आधी रात को।",energy,hindi
772,बिलिंग विभाग एक ऐसे कनेक्शन के लिए नोटिस भेज रहा है जो एक साल से ज्यादा पहले डिस्कनेक्ट करके हटाया जा चुका है।,energy,hindi
773,परीक्षा के मौसम में बिजली कटौती ने हमारी कॉलोनी के छात्रों के लिए शाम को पढ़ाई करना मुश्किल बना दिया है।,energy,hindi
774,पिछले साल लगाई गई सोलर स्ट्रीटलाइट यूनिट ठीक से चार्ज होना बंद हो गई हैं और सूर्यास्त के एक घंटे के भीतर बुझ जाती हैं।,energy,hindi
775,नए बोरवेल कनेक्शन के लिए स्वीकृत लोड शिफ्ट करने का हमारा अनुरोध सब-स्टेशन कार्यालय में महीनों से लंबित है।,energy,hindi
776,स्थानीय सब-स्टेशन में बार-बार आने वाली खराबी की वजह से थोड़ी सी भी बारिश होने पर बिजली लगभग हर बार ट्रिप हो जाती है।,energy,hindi
777,पिछले तूफान के बाद हमारे घर के बाहर बिजली का खंभा साफ तौर पर झुका हुआ दिख रहा है और निवासियों को डर है कि अगली बार यह गिर सकता है।,energy,hindi
778,"इस महीने लगभग हर दोपहर हमारे मोहल्ले में बिना घोषणा के बिजली कटौती हो रही है, जिससे घर से काम करने का शेड्यूल बिगड़ रहा है।",energy,hindi
779,"एनर्जी मीटर की रीडिंग गेट के बाहर से ली गई बिना किसी के डिस्प्ले चेक किए, और बिल असली खपत से कहीं ज्यादा अनुमानित राशि दिखाता है।",energy,hindi
780,"पास के जंक्शन बॉक्स में शॉर्ट सर्किट से चिंगारियां निकलीं जिससे लगभग आग लग जाती, इससे पहले कि कोई प्रतिक्रिया दे पाता।",energy,hindi
781,नई योजना के तहत लगाया गया स्मार्ट मीटर दो महीने से शून्य खपत दिखा रहा है जबकि घर में रोजाना बिजली इस्तेमाल हो रही है।,energy,hindi
782,"चल रहे लाइन रखरखाव के दौरान हमारे इलाके की बिजली आपूर्ति घंटों के लिए निलंबित रही, बिना किसी पूर्व सूचना के।",energy,hindi
783,शाम को वोल्टेज इतना गिर जाता है कि ट्यूबलाइट भी झिलमिलाती हैं और पीक ऑवर बीतने तक मुश्किल से जलती रहती हैं।,energy,hindi
784,"हमारी बढ़ती कॉलोनी के लिए ट्रांसफार्मर की क्षमता कभी अपग्रेड नहीं की गई, इसलिए जैसे-जैसे और घर जुड़ रहे हैं, बिजली कटौती आम हो गई है।",energy,hindi
785,सब्सिडी वाले सोलर रूफटॉप कनेक्शन के लिए हमारा आवेदन डिस्कॉम कार्यालय में पांच महीने से ज्यादा समय से अटका हुआ है।,energy,hindi
786,"कृषि फीडर लाइन में दोपहर के बीच बिना सूचना के बिजली काट दी गई, वह भी सिंचाई के पीक समय के दौरान।",energy,hindi
787,एक खराब मीटर बॉक्स कथित तौर पर हमारी गली के कई घरों को पिछले दो बिलिंग चक्रों से ज्यादा बिल भेज रहा है।,energy,hindi
788,"बिजली विभाग ने विवादित बिल को लेकर हमारी आपूर्ति काट दी, जबकि हमने पहले के भुगतान का प्रमाण जमा किया था।",energy,hindi
789,स्थानीय फीडर के बार-बार ट्रिप होने से इस गर्मी में हमारी गली में अकेले दो फ्रिज खराब हो चुके हैं।,energy,hindi
790,"सामुदायिक कुएं के पास एक खुला बिजली जंक्शन गंभीर सुरक्षा खतरा बन गया है, खासकर पास खेलने वाले बच्चों के लिए।",energy,hindi
791,एक छत के बेहद नजदीक से गुजरने वाली खतरनाक ओवरहेड लाइन को शिफ्ट करने का हमारा अनुरोध विभाग में एक साल से ज्यादा समय से लंबित है।,energy,hindi
792,"हमारे कनेक्शन का बिलिंग चक्र पूरी तरह से एक महीना छोड़ गया लगता है, और अगला बिल बिना किसी स्पष्टीकरण के जोड़ी गई एकमुश्त राशि के साथ आया।",energy,hindi
793,"पिछली भीषण गर्मी के दौरान, हमारे ब्लॉक की बिजली लगातार लगभग आठ घंटे के लिए काट दी गई और हेल्पलाइन से कोई अपडेट नहीं मिला।",energy,hindi
794,तेज हवाओं के बाद गिरी एक लाइन चार दिनों से हमारे घरों के पास खुले मैदान में बिना हटाए पड़ी है।,energy,hindi
795,पिछली खराबी के बाद लगाया गया नया ट्रांसफार्मर हर शाम एक निश्चित सीमा से ज्यादा घरेलू लोड बढ़ते ही ट्रिप हो जाता है।,energy,hindi
796,"हमारी कॉलोनी की भूमिगत केबलिंग परियोजना आधी अधूरी छोड़ दी गई है, जिससे कई घर अभी भी खुली ओवरहेड तारों के जरिए जुड़े हैं।",energy,hindi
797,पिछले हफ्ते हमारी बिजली गुल होने को लेकर तीन बार कोशिश करने पर भी ऊर्जा विभाग की हेल्पलाइन का जवाब नहीं मिला।,energy,hindi
798,हमारी गली में बार-बार होने वाली लो-वोल्टेज समस्या ने इस साल दो बार सामुदायिक बोरवेल की मोटर को नुकसान पहुंचाया है।,energy,hindi
799,"हाल के तूफान के बाद हमारे गांव के हिस्से में बिजली बहाल होने में विभाग को लगभग पांच दिन लग गए, जो आस-पास के इलाकों से कहीं ज्यादा है।",energy,hindi
800,पायलट योजना के तहत लगाया गया प्रीपेड मीटर हमारी वास्तविक खपत से मेल न खाने वाली दर से बैलेंस काट रहा है।,energy,hindi
801,Pichle do hafton se har shaam khane ke time ke aas-paas bina kisi announced schedule ke bijli chali jaati hai.,energy,hinglish
802,Hamari gali ka transformer chaar din pehle blow ho gaya aur abhi tak koi word nahi hai ki replacement kab aayega.,energy,hinglish
803,Hamare ghar mein voltage itna fluctuate karta hai ki humne fridge chalana band kar diya hai taaki woh damage na ho.,energy,hinglish
804,Is mahine hamare electricity bill mein reading meter par dikhne wali reading se lagbhag teen guna zyada dikhayi gayi hai.,energy,hinglish
805,"Aath mahine pehle apply kiya gaya new connection abhi bhi pending hai, aur hum unofficial line par chala rahe hain.",energy,hinglish
806,"Pichle hafte ke storm ke baad se gali mein ek live wire neeche latka hua hai, aur koi lineman ise theek karne nahi aaya.",energy,hinglish
807,"Hamare ilake mein ab load shedding roz chhe ghante tak chalti hai, jo department dwara announce ki gayi do ghante se kahin zyada hai.",energy,hinglish
808,Pichle saal lagaya gaya meter un dinon bhi usage record kar raha hai jab humein pata hai ki upar ki taraf connection poori tarah disconnect tha.,energy,hinglish
809,"Hamara streetlight pole to theek hai, lekin use bijli dene wali underground cable roadwork ke baad se kati hui hai, isliye woh har raat andhera rehta hai.",energy,hinglish
810,Do galiyan door transformer mein aag lagne se hamare poore block mein lagatar teesre din bijli gayab hai.,energy,hinglish
811,"Hamare ilake ke farmers ko irrigation pump ke liye bijli unpredictable time par milti hai, aksar aadhi raat ko.",energy,hinglish
812,Billing department ek aise connection ke liye notice bhej raha hai jo ek saal se zyada pehle disconnect karke hataya ja chuka hai.,energy,hinglish
813,Exam season mein power cuts ne hamari colony ke students ke liye shaam ko padhai karna mushkil bana diya hai.,energy,hinglish
814,Pichle saal lagayi gayi solar streetlight units theek se charge hona band ho gayi hain aur sunset ke ek ghante ke andar bujh jaati hain.,energy,hinglish
815,Naye borewell connection ke liye sanctioned load shift karne ka hamara request sub-station office mein mahinon se pending hai.,energy,hinglish
816,Local substation mein baar-baar aane wali kharabi ki wajah se thodi si bhi baarish hone par bijli lagbhag har baar trip ho jaati hai.,energy,hinglish
817,Pichle storm ke baad hamare ghar ke bahar bijli ka pole saaf taur par tilted dikh raha hai aur residents ko dar hai ki agli baar yeh gir sakta hai.,energy,hinglish
818,"Is mahine lagbhag har afternoon hamare mohalle mein bina announcement ke power cut ho raha hai, jisse work-from-home schedule bigad raha hai.",energy,hinglish
819,"Energy meter ki reading gate ke bahar se li gayi bina kisi ke display check kiye, aur bill actual usage se kahin zyada estimated amount dikhata hai.",energy,hinglish
820,"Paas ke junction box mein short circuit se sparks nikle jisse lagbhag aag lag jaati, isse pehle ki koi react kar paata.",energy,hinglish
821,Nayi scheme ke tahat lagaya gaya smart meter do mahine se zero consumption dikha raha hai jabki ghar mein roz bijli use ho rahi hai.,energy,hinglish
822,"Chal rahe line maintenance ke dauran hamare ilake ki electricity supply ghanton ke liye suspend rahi, bina kisi prior notice ke.",energy,hinglish
823,Shaam ko voltage itna gir jaata hai ki tubelights bhi flicker karti hain aur peak hours nikalne tak mushkil se jalti rehti hain.,energy,hinglish
824,"Hamari badhti colony ke liye transformer ki capacity kabhi upgrade nahi ki gayi, isliye jaise-jaise aur ghar connect ho rahe hain, outages routine ho gaye hain.",energy,hinglish
825,Subsidised solar rooftop connection ke liye hamara application discom office mein paanch mahine se zyada time se atka hua hai.,energy,hinglish
826,"Agricultural feeder line mein afternoon ke beech bina notice ke bijli kaat di gayi, woh bhi irrigation ke peak hours ke dauran.",energy,hinglish
827,Ek faulty meter box reportedly hamari gali ke kayi households ko pichle do billing cycles se zyada bill bhej raha hai.,energy,hinglish
828,"Electricity department ne disputed bill ko lekar hamari supply kaat di, jabki humne pehle ke payment ka proof submit kiya tha.",energy,hinglish
829,Local feeder ke baar-baar trip hone se is summer mein hamari gali mein akele do fridge kharab ho chuke hain.,energy,hinglish
830,"Community well ke paas ek exposed electrical junction serious safety hazard ban gaya hai, khaaskar paas khelne wale bachchon ke liye.",energy,hinglish
831,Ek roof ke bahut nazdeek se guzarne wali khatarnak overhead line ko shift karne ka hamara request department mein ek saal se zyada time se pending hai.,energy,hinglish
832,"Hamare connection ka billing cycle poori tarah se ek mahina skip kar gaya lagta hai, aur agla bill bina kisi explanation ke jodi gayi lump sum amount ke saath aaya.",energy,hinglish
833,"Pichli heatwave ke dauran, hamare block ki bijli lagatar lagbhag aath ghante ke liye kaat di gayi aur helpline se koi update nahi mila.",energy,hinglish
834,Tez hawaon ke baad giri ek line chaar dinon se hamare gharon ke paas khule maidan mein bina hataye padi hai.,energy,hinglish
835,Pichli kharabi ke baad lagaya gaya naya transformer har shaam ek certain limit se zyada household load badhte hi trip ho jaata hai.,energy,hinglish
836,"Hamari colony ki underground cabling project aadhi adhuri chhod di gayi hai, jisse kayi ghar abhi bhi exposed overhead wires ke through connected hain.",energy,hinglish
837,Pichle hafte hamari bijli gul hone ko lekar teen baar koshish karne par bhi energy department ki helpline ka jawab nahi mila.,energy,hinglish
838,Hamari gali mein baar-baar hone wali low-voltage problem ne is saal do baar community borewell ki motor ko nuksaan pahunchaya hai.,energy,hinglish
839,"Recent storm ke baad hamare gaon ke hisse mein power restoration mein department ko lagbhag paanch din lag gaye, jo aas-paas ke ilakon se kahin zyada hai.",energy,hinglish
840,Pilot scheme ke tahat lagaya gaya prepaid meter hamari actual usage se match na karne wali rate se balance kaat raha hai.,energy,hinglish
841,Auto drivers are refusing to enter our street because the road surface is full of deep potholes.,urban_infrastructure,english
842,"The footbridge connecting our colony to the market has had a broken railing for months, and pedestrians hug the opposite side out of caution.",urban_infrastructure,english
843,Half the streetlight poles on our road have been standing dark for over a year even though the wiring itself looks fine.,urban_infrastructure,english
844,The main road leading to the village has developed a stretch of craters so deep that two-wheelers regularly topple over during the rains.,urban_infrastructure,english
845,"Our bus stop shelter collapsed during last month's storm and has not been rebuilt, leaving commuters standing in the open.",urban_infrastructure,english
846,A newly built flyover ramp has started showing cracks less than a year after it opened to traffic.,urban_infrastructure,english
847,"The footpath along the main road has been dug up for a utility project and never properly relaid, forcing pedestrians onto the road.",urban_infrastructure,english
848,Parking near the market has become chaotic since the designated parking bays were never marked out as promised.,urban_infrastructure,english
849,"The pedestrian subway near the railway station floods with a few inches of water every time it rains, making it unusable.",urban_infrastructure,english
850,A stretch of road resurfaced last year has already started crumbling at the edges due to poor construction quality.,urban_infrastructure,english
851,The public parking structure near the bus stand has had its access ramp closed for repairs for over four months.,urban_infrastructure,english
852,Speed breakers installed without proper markings on our road have caused several accidents at night.,urban_infrastructure,english
853,The old municipal building in our ward has a portion of its roof that has been collapsing bit by bit for over a year.,urban_infrastructure,english
854,"Our colony road has no proper drainage slope, so every rain leaves puddles that take days to dry out and damage the road surface further.",urban_infrastructure,english
855,The overpass connecting the two halves of our town has had one lane closed since a support pillar was flagged as unsafe.,urban_infrastructure,english
856,"Streetlight poles along our stretch have their wiring intact but the bulbs themselves have not been replaced in nearly a year, so the road stays dark.",urban_infrastructure,english
857,"The road divider near the school has been damaged in an accident and left unrepaired, causing traffic to swerve dangerously.",urban_infrastructure,english
858,A pedestrian crossing near the market was painted over a construction site and no longer aligns with the actual crossing point.,urban_infrastructure,english
859,The retaining wall along the hill road has developed visible cracks after this year's heavy rains.,urban_infrastructure,english
860,"Public benches at the town square have been broken for so long that most have simply been removed, leaving no seating at all.",urban_infrastructure,english
861,"The road connecting our village to the highway turns to slush within an hour of rain, cutting off vehicle access entirely.",urban_infrastructure,english
862,A footbridge built to help residents cross the railway tracks safely has stairs so steep that elderly residents avoid using it.,urban_infrastructure,english
863,"The municipal market building's roof has been leaking for two monsoons straight, damaging vendor stalls underneath.",urban_infrastructure,english
864,Our newly widened road narrows suddenly at one stretch where an encroachment was never cleared as planned.,urban_infrastructure,english
865,The bus stand's waiting area has a caved-in section of flooring that has been fenced off but never actually repaired.,urban_infrastructure,english
866,A crumbling culvert on the approach road to our village makes it risky for heavier vehicles to cross during the monsoon.,urban_infrastructure,english
867,The pedestrian zone created near the market has been repeatedly encroached upon by parked vehicles with no enforcement in sight.,urban_infrastructure,english
868,Cracks in the overhead pedestrian bridge near the college have widened noticeably since last year's inspection.,urban_infrastructure,english
869,The public parking lot behind the civic centre has potholes so deep that several vehicles have suffered undercarriage damage.,urban_infrastructure,english
870,A section of the compound wall around the municipal park collapsed during the storm and debris still blocks part of the walking path.,urban_infrastructure,english
871,The road leading to our ward has been under 'ongoing repair' signage for over a year with no visible construction activity.,urban_infrastructure,english
872,"Multiple manhole covers on the arterial road have sunk below the road surface, creating a hazard for two-wheelers at night.",urban_infrastructure,english
873,The bus bay outside our colony was never actually constructed despite being marked on the municipal plan for years.,urban_infrastructure,english
874,A retaining wall failure near the river crossing has narrowed the usable width of the bridge approach significantly.,urban_infrastructure,english
875,"Traffic signals at the main junction have been non-functional for over three weeks, leading to daily congestion.",urban_infrastructure,english
876,"The footpath tiles near the market have come loose in several places, becoming a tripping hazard especially after dark.",urban_infrastructure,english
877,Our neighbourhood's only pedestrian overbridge has been closed for structural assessment for nearly six months with no update.,urban_infrastructure,english
878,"The road surface near the industrial gate has deteriorated so badly that trucks now take an alternate residential route, damaging that road too.",urban_infrastructure,english
879,A collapsed section of boundary railing along the elevated road has left a dangerous drop with no barrier in place.,urban_infrastructure,english
880,The subway connecting the two market blocks has poor lighting and a broken drainage channel that floods after every rain.,urban_infrastructure,english
881,ऑटो चालक हमारी गली में आने से मना कर रहे हैं क्योंकि सड़क की सतह गहरे गड्ढों से भरी हुई है।,urban_infrastructure,hindi
882,"हमारी कॉलोनी को बाजार से जोड़ने वाले फुटब्रिज की रेलिंग महीनों से टूटी है, और पैदल यात्री सावधानी से दूसरी तरफ से गुजरते हैं।",urban_infrastructure,hindi
883,"हमारी सड़क के आधे स्ट्रीटलाइट खंभे एक साल से ज्यादा समय से अंधेरे पड़े हैं, हालांकि वायरिंग खुद ठीक दिखती है।",urban_infrastructure,hindi
884,गांव तक जाने वाली मुख्य सड़क पर इतने गहरे गड्ढे बन गए हैं कि बारिश में अक्सर दोपहिया वाहन पलट जाते हैं।,urban_infrastructure,hindi
885,"पिछले महीने के तूफान में हमारे बस स्टॉप का शेड ढह गया और अभी तक दोबारा नहीं बनाया गया, यात्री खुले में खड़े रहते हैं।",urban_infrastructure,hindi
886,एक नया बना फ्लाईओवर रैंप ट्रैफिक के लिए खुलने के एक साल के भीतर ही दरारें दिखाने लगा है।,urban_infrastructure,hindi
887,"मुख्य सड़क के किनारे का फुटपाथ एक यूटिलिटी प्रोजेक्ट के लिए खोदा गया था और कभी ठीक से दोबारा नहीं बिछाया गया, जिससे पैदल यात्रियों को सड़क पर चलना पड़ता है।",urban_infrastructure,hindi
888,बाजार के पास पार्किंग अराजक हो गई है क्योंकि तय किए गए पार्किंग खांचे कभी वादे के मुताबिक चिह्नित नहीं किए गए।,urban_infrastructure,hindi
889,"रेलवे स्टेशन के पास पैदल यात्री सबवे हर बारिश में कुछ इंच पानी से भर जाता है, जिससे वह इस्तेमाल के लायक नहीं रहता।",urban_infrastructure,hindi
890,पिछले साल फिर से बिछाई गई सड़क का एक हिस्सा खराब निर्माण गुणवत्ता के कारण किनारों से पहले ही टूटने लगा है।,urban_infrastructure,hindi
891,बस स्टैंड के पास सार्वजनिक पार्किंग स्ट्रक्चर का एक्सेस रैंप मरम्मत के लिए चार महीने से ज्यादा समय से बंद है।,urban_infrastructure,hindi
892,हमारी सड़क पर बिना उचित चिह्न के लगाए गए स्पीड ब्रेकर ने रात में कई दुर्घटनाओं का कारण बना है।,urban_infrastructure,hindi
893,हमारे वार्ड की पुरानी नगरपालिका इमारत की छत का एक हिस्सा एक साल से ज्यादा समय से धीरे-धीरे ढह रहा है।,urban_infrastructure,hindi
894,"हमारी कॉलोनी की सड़क में उचित जल निकासी ढलान नहीं है, इसलिए हर बारिश में गड्ढे बनते हैं जो सूखने में दिन लगाते हैं और सड़क की सतह को और नुकसान पहुंचाते हैं।",urban_infrastructure,hindi
895,हमारे शहर के दो हिस्सों को जोड़ने वाले ओवरपास की एक लेन बंद है क्योंकि एक सपोर्ट पिलर को असुरक्षित चिह्नित किया गया था।,urban_infrastructure,hindi
896,"हमारी सड़क के किनारे स्ट्रीटलाइट खंभों की वायरिंग तो सही है लेकिन बल्ब खुद लगभग एक साल से नहीं बदले गए, इसलिए सड़क अंधेरी रहती है।",urban_infrastructure,hindi
897,"स्कूल के पास सड़क का डिवाइडर एक दुर्घटना में क्षतिग्रस्त हो गया और मरम्मत नहीं हुई, जिससे ट्रैफिक खतरनाक ढंग से मुड़ता है।",urban_infrastructure,hindi
898,बाजार के पास पैदल यात्री क्रॉसिंग एक निर्माण स्थल पर फिर से रंगी गई और अब वास्तविक क्रॉसिंग पॉइंट से मेल नहीं खाती।,urban_infrastructure,hindi
899,पहाड़ी सड़क के किनारे रिटेनिंग वॉल में इस साल की भारी बारिश के बाद स्पष्ट दरारें आ गई हैं।,urban_infrastructure,hindi
900,"शहर चौक की सार्वजनिक बेंचें इतने लंबे समय से टूटी हुई थीं कि ज्यादातर को हटा ही दिया गया, अब वहां बैठने की कोई जगह नहीं बची।",urban_infrastructure,hindi
901,"हमारे गांव को हाईवे से जोड़ने वाली सड़क बारिश के एक घंटे के भीतर कीचड़ में बदल जाती है, जिससे वाहनों की पहुंच पूरी तरह कट जाती है।",urban_infrastructure,hindi
902,रेलवे ट्रैक पार करने में निवासियों की मदद के लिए बना फुटब्रिज इतना खड़ी सीढ़ीदार है कि बुजुर्ग निवासी इसका इस्तेमाल करने से बचते हैं।,urban_infrastructure,hindi
903,"नगरपालिका बाजार भवन की छत लगातार दो मानसूनों से टपक रही है, जिससे नीचे विक्रेताओं के स्टॉल को नुकसान हो रहा है।",urban_infrastructure,hindi
904,हमारी नई चौड़ी की गई सड़क अचानक एक हिस्से में संकरी हो जाती है जहां एक अतिक्रमण योजना के मुताबिक कभी साफ नहीं किया गया।,urban_infrastructure,hindi
905,बस स्टैंड के प्रतीक्षा क्षेत्र में फर्श का एक धंसा हुआ हिस्सा है जिसे घेर दिया गया है लेकिन कभी वास्तव में मरम्मत नहीं की गई।,urban_infrastructure,hindi
906,हमारे गांव की पहुंच सड़क पर एक जर्जर पुलिया है जो मानसून के दौरान भारी वाहनों के गुजरने को जोखिम भरा बना देती है।,urban_infrastructure,hindi
907,बाजार के पास बनाए गए पैदल यात्री क्षेत्र पर बिना किसी प्रवर्तन के बार-बार खड़ी गाड़ियों का अतिक्रमण होता रहा है।,urban_infrastructure,hindi
908,कॉलेज के पास ओवरहेड पैदल यात्री पुल में दरारें पिछले साल के निरीक्षण के बाद से स्पष्ट रूप से बढ़ी हैं।,urban_infrastructure,hindi
909,सिविक सेंटर के पीछे सार्वजनिक पार्किंग स्थल में इतने गहरे गड्ढे हैं कि कई वाहनों के निचले हिस्से को नुकसान हुआ है।,urban_infrastructure,hindi
910,नगरपालिका पार्क के चारों ओर की बाउंड्री वॉल का एक हिस्सा तूफान के दौरान ढह गया और मलबा अभी भी वॉकिंग पाथ का हिस्सा रोक रहा है।,urban_infrastructure,hindi
911,हमारे वार्ड की ओर जाने वाली सड़क पर एक साल से ज्यादा समय से 'चल रहा मरम्मत कार्य' का बोर्ड लगा है लेकिन कोई निर्माण गतिविधि दिखाई नहीं देती।,urban_infrastructure,hindi
912,"मुख्य सड़क पर कई मैनहोल ढक्कन सड़क की सतह से नीचे धंस गए हैं, जिससे रात में दोपहिया वाहनों के लिए खतरा बन गया है।",urban_infrastructure,hindi
913,"हमारी कॉलोनी के बाहर बस बे कभी वास्तव में नहीं बनाई गई, हालांकि यह सालों से नगरपालिका योजना में चिह्नित है।",urban_infrastructure,hindi
914,नदी क्रॉसिंग के पास रिटेनिंग वॉल फेल होने से पुल के एप्रोच की इस्तेमाल योग्य चौड़ाई काफी कम हो गई है।,urban_infrastructure,hindi
915,"मुख्य चौराहे पर ट्रैफिक सिग्नल तीन हफ्तों से ज्यादा समय से काम नहीं कर रहे, जिससे रोजाना जाम लगता है।",urban_infrastructure,hindi
916,"बाजार के पास फुटपाथ की टाइलें कई जगह ढीली हो गई हैं, जो खासकर अंधेरे में गिरने का खतरा बन गई हैं।",urban_infrastructure,hindi
917,"हमारे मोहल्ले का इकलौता पैदल यात्री ओवरब्रिज संरचनात्मक आकलन के लिए लगभग छह महीने से बंद है, कोई अपडेट नहीं।",urban_infrastructure,hindi
918,"औद्योगिक गेट के पास सड़क की सतह इतनी खराब हो गई है कि ट्रक अब वैकल्पिक रिहायशी रास्ता ले रहे हैं, जिससे वह सड़क भी खराब हो रही है।",urban_infrastructure,hindi
919,"ऊंची सड़क के किनारे बाउंड्री रेलिंग का एक ढहा हुआ हिस्सा एक खतरनाक ढलान छोड़ गया है, बिना किसी बैरियर के।",urban_infrastructure,hindi
920,दो बाजार ब्लॉकों को जोड़ने वाले सबवे में रोशनी खराब है और एक टूटा जल निकासी चैनल है जो हर बारिश के बाद डूब जाता है।,urban_infrastructure,hindi
921,Auto drivers hamari gali mein aane se mana kar rahe hain kyunki road surface deep potholes se bhara hua hai.,urban_infrastructure,hinglish
922,"Hamari colony ko market se jodne wale footbridge ki railing mahinon se tooti hai, aur pedestrians caution se doosri side se guzarte hain.",urban_infrastructure,hinglish
923,"Hamari sadak ke aadhe streetlight poles ek saal se zyada time se andhere pade hain, halanki wiring khud theek dikhti hai.",urban_infrastructure,hinglish
924,Village tak jaane wali main road par itne deep craters ban gaye hain ki baarish mein aksar two-wheelers palat jaate hain.,urban_infrastructure,hinglish
925,"Pichle mahine ke storm mein hamare bus stop ka shelter dhah gaya aur abhi tak dobara nahi banaya gaya, commuters khule mein khade rehte hain.",urban_infrastructure,hinglish
926,Ek naya bana flyover ramp traffic ke liye khulne ke ek saal ke andar hi cracks dikhane laga hai.,urban_infrastructure,hinglish
927,"Main road ke kinare ka footpath ek utility project ke liye khoda gaya tha aur kabhi theek se dobara nahi bichhaya gaya, jisse pedestrians ko road par chalna padta hai.",urban_infrastructure,hinglish
928,Market ke paas parking chaotic ho gayi hai kyunki tay kiye gaye parking bays kabhi promise ke mutabik marked nahi kiye gaye.,urban_infrastructure,hinglish
929,"Railway station ke paas pedestrian subway har baarish mein kuch inch paani se bhar jaata hai, jisse woh use ke layak nahi rehta.",urban_infrastructure,hinglish
930,Pichle saal resurface ki gayi road ka ek hissa poor construction quality ki wajah se kinaron se pehle hi crumble hone laga hai.,urban_infrastructure,hinglish
931,Bus stand ke paas public parking structure ka access ramp repair ke liye chaar mahine se zyada time se band hai.,urban_infrastructure,hinglish
932,Hamari sadak par bina proper marking ke lagaye gaye speed breakers ne raat mein kayi accidents ka reason bana hai.,urban_infrastructure,hinglish
933,Hamare ward ki purani municipal building ki chhat ka ek hissa ek saal se zyada time se dheere-dheere gir raha hai.,urban_infrastructure,hinglish
934,"Hamari colony road mein proper drainage slope nahi hai, isliye har baarish mein puddles bante hain jo sookhne mein din lagate hain aur road surface ko aur nuksaan pahunchate hain.",urban_infrastructure,hinglish
935,Hamare town ke do halves ko jodne wale overpass ki ek lane band hai kyunki ek support pillar ko unsafe flag kiya gaya tha.,urban_infrastructure,hinglish
936,"Hamari sadak ke kinare streetlight poles ki wiring to sahi hai lekin bulbs khud lagbhag ek saal se change nahi hue, isliye road andheri rehti hai.",urban_infrastructure,hinglish
937,"School ke paas road ka divider ek accident mein damage ho gaya aur repair nahi hua, jisse traffic khatarnak tarike se moodta hai.",urban_infrastructure,hinglish
938,Market ke paas pedestrian crossing ek construction site par phir se paint ki gayi aur ab actual crossing point se match nahi karti.,urban_infrastructure,hinglish
939,Hill road ke kinare retaining wall mein is saal ki heavy baarish ke baad clear cracks aa gaye hain.,urban_infrastructure,hinglish
940,"Town square ki public benches itne lambe time se tooti thi ki zyadatar ko hata hi diya gaya, ab wahan baithne ki koi jagah nahi bachi.",urban_infrastructure,hinglish
941,"Hamare village ko highway se jodne wali road baarish ke ek ghante ke andar slush mein badal jaati hai, jisse vehicle access poori tarah cut ho jaata hai.",urban_infrastructure,hinglish
942,Railway tracks cross karne mein residents ki help ke liye bana footbridge itna steep hai ki elderly residents ise use karne se bachte hain.,urban_infrastructure,hinglish
943,"Municipal market building ki chhat lagatar do monsoons se leak ho rahi hai, jisse neeche vendor stalls ko nuksaan ho raha hai.",urban_infrastructure,hinglish
944,Hamari nayi widened road achanak ek stretch mein narrow ho jaati hai jahan ek encroachment plan ke mutabik kabhi clear nahi kiya gaya.,urban_infrastructure,hinglish
945,Bus stand ke waiting area mein flooring ka ek caved-in section hai jise fence kar diya gaya hai lekin kabhi actually repair nahi kiya gaya.,urban_infrastructure,hinglish
946,Hamare village ki approach road par ek crumbling culvert hai jo monsoon ke dauran heavier vehicles ke cross karne ko risky bana deti hai.,urban_infrastructure,hinglish
947,"Market ke paas banaya gaya pedestrian zone baar-baar parked vehicles se encroach ho raha hai, bina kisi enforcement ke.",urban_infrastructure,hinglish
948,College ke paas overhead pedestrian bridge mein cracks pichle saal ke inspection ke baad se clearly badhe hain.,urban_infrastructure,hinglish
949,Civic centre ke peeche public parking lot mein itne deep potholes hain ki kayi vehicles ke undercarriage ko nuksaan hua hai.,urban_infrastructure,hinglish
950,Municipal park ke chaaron taraf ki compound wall ka ek hissa storm ke dauran dhah gaya aur debris abhi bhi walking path ka hissa block kar raha hai.,urban_infrastructure,hinglish
951,Hamare ward ki taraf jaane wali road par ek saal se zyada time se 'ongoing repair' ka signage laga hai lekin koi construction activity dikhayi nahi deti.,urban_infrastructure,hinglish
952,"Main road par kayi manhole covers road surface se neeche dhans gaye hain, jisse raat mein two-wheelers ke liye hazard ban gaya hai.",urban_infrastructure,hinglish
953,"Hamari colony ke bahar bus bay kabhi actually construct nahi hui, halanki yeh saalon se municipal plan mein marked hai.",urban_infrastructure,hinglish
954,River crossing ke paas retaining wall failure se bridge ke approach ki usable width kaafi kam ho gayi hai.,urban_infrastructure,hinglish
955,"Main junction par traffic signals teen hafton se zyada time se non-functional hain, jisse daily congestion ho raha hai.",urban_infrastructure,hinglish
956,"Market ke paas footpath tiles kayi jagah loose ho gayi hain, jo khaaskar andhere mein tripping hazard ban gayi hain.",urban_infrastructure,hinglish
957,"Hamare mohalle ka ikalauta pedestrian overbridge structural assessment ke liye lagbhag chhe mahine se band hai, koi update nahi.",urban_infrastructure,hinglish
958,"Industrial gate ke paas road surface itni bigad gayi hai ki trucks ab alternate residential route le rahe hain, jisse woh road bhi damage ho rahi hai.",urban_infrastructure,hinglish
959,"Elevated road ke kinare boundary railing ka ek collapsed section ek dangerous drop chhod gaya hai, bina kisi barrier ke.",urban_infrastructure,hinglish
960,Do market blocks ko jodne wale subway mein lighting poor hai aur ek broken drainage channel hai jo har baarish ke baad flood ho jaata hai.,urban_infrastructure,hinglish
961,"The entrance to our block development office has stairs only, and there is no alternative route for wheelchair users.",accessibility,english
962,"The railway station's foot overbridge has no working lift, so a mobility-impaired commuter has to be carried up by strangers each time.",accessibility,english
963,"None of the buses on our route are low-floor, so a wheelchair user in our colony cannot travel without help lifting the chair aboard.",accessibility,english
964,The ramp built at the government hospital entrance is too steep for a wheelchair to climb without someone pushing from behind.,accessibility,english
965,"Our local bank branch has no tactile flooring or audio cues, making it very difficult for a visually impaired customer to navigate the queue.",accessibility,english
966,"The accessible toilet at the bus terminal has been used for storage, leaving no functional option for a wheelchair user.",accessibility,english
967,"A newly built government office has an accessible entrance marked on the map, but it remains permanently locked with no staff aware of the key.",accessibility,english
968,"The footpath ramps installed near the market are blocked by parked two-wheelers most of the day, forcing wheelchair users onto the road.",accessibility,english
969,"Our community hall has no ramp at all, so an elderly resident with a walker cannot attend the panchayat meetings held there.",accessibility,english
970,"The lift at the district court complex has been out of order for months, and litigants who use wheelchairs must be carried up the stairs.",accessibility,english
971,"Braille signage promised at the new post office was never installed, leaving visually impaired visitors with no way to identify counters.",accessibility,english
972,"The ramp at our school's main gate is there, but it ends in a step at the classroom door, making the last few metres impassable.",accessibility,english
973,"A hearing-impaired resident in our colony says the government office refuses to communicate in writing, insisting on verbal-only interaction.",accessibility,english
974,"The railway platform has no tactile guidance path, making it risky for visually impaired passengers to judge the edge.",accessibility,english
975,Wheelchair users in our town cannot access the upper floor of the municipal office because the lift has been non-functional since last winter.,accessibility,english
976,The accessible parking spot outside the hospital is regularly occupied by other vehicles with no enforcement to keep it clear.,accessibility,english
977,A ramp exists at the panchayat office but is at such a steep angle that it is unusable without assistance.,accessibility,english
978,The community health centre has no signage or announcement system for visually impaired patients waiting for their turn.,accessibility,english
979,"Our neighbourhood's only accessible crossing signal has stopped making its audio cue, leaving visually impaired pedestrians unsure when to cross.",accessibility,english
980,The government college library has books on the upper floor with no lift access at all for students with mobility impairments.,accessibility,english
981,"A wheelchair ramp was built at the ration shop, but shelves and the counter itself remain too high to reach from a seated position.",accessibility,english
982,The bus stop shelter bench is designed in a way that leaves no clear space for a wheelchair to park alongside it.,accessibility,english
983,"An elderly resident who uses a cane says the uneven, unrepaired footpath near her house makes daily walks to the market genuinely dangerous.",accessibility,english
984,The examination centre allotted to a visually impaired student did not arrange a scribe despite the request being submitted well in advance.,accessibility,english
985,"Public toilets at the bus stand have no grab bars or wide doorways, making them unusable for wheelchair users.",accessibility,english
986,The government office's token system relies entirely on a digital display board with no audio announcement for visually impaired visitors.,accessibility,english
987,"A newly constructed flyover has no tactile paving or ramps at the pedestrian crossing beneath it, cutting off an accessible route that existed before.",accessibility,english
988,"The community centre's accessible entrance is technically present but kept locked, with the regular staircase entrance being the only one actually used.",accessibility,english
989,A resident using a wheelchair reports that the pension disbursement counter is on the first floor of a building with no lift.,accessibility,english
990,"The railway reservation counter has no lowered section, forcing wheelchair users to strain upward to communicate with the clerk.",accessibility,english
991,"An accessible toilet was built at the primary health centre, but the door is too narrow for a standard wheelchair to pass through.",accessibility,english
992,"The public library's ramp is blocked every evening by parked bicycles, leaving no way in for wheelchair users after work hours.",accessibility,english
993,A deaf resident says the emergency alert system in our area relies solely on a loudspeaker announcement with no visual signal.,accessibility,english
994,The panchayat office renovated its entrance last year but left out the accessible ramp that was part of the approved plan.,accessibility,english
995,Wheelchair users attending the government college have to be carried across a broken section of pathway that has no alternate route.,accessibility,english
996,"The ATM nearest our colony is placed on a raised platform with no ramp, making it inaccessible without help.",accessibility,english
997,A newly built overbridge near the market has stairs on both ends with no lift or ramp for those unable to climb them.,accessibility,english
998,The block office's accessible washroom has been locked and used as a storeroom for the past several months.,accessibility,english
999,"An elderly wheelchair user in our ward says the community centre stage has no ramp, excluding her from participating in local events held there.",accessibility,english
1000,"The government school built a ramp for one building but the adjoining block, which houses the library, still has only stairs.",accessibility,english
1001,"हमारे ब्लॉक डेवलपमेंट कार्यालय के प्रवेश द्वार पर केवल सीढ़ियां हैं, और व्हीलचेयर इस्तेमाल करने वालों के लिए कोई वैकल्पिक रास्ता नहीं है।",accessibility,hindi
1002,"रेलवे स्टेशन के फुट ओवरब्रिज पर कोई काम करती लिफ्ट नहीं है, इसलिए एक गतिशीलता-बाधित यात्री को हर बार अजनबियों द्वारा ऊपर उठाना पड़ता है।",accessibility,hindi
1003,"हमारे रूट की एक भी बस लो-फ्लोर नहीं है, इसलिए हमारी कॉलोनी के एक व्हीलचेयर उपयोगकर्ता बिना मदद के कुर्सी को बस में चढ़ाए बिना यात्रा नहीं कर सकते।",accessibility,hindi
1004,सरकारी अस्पताल के प्रवेश द्वार पर बना रैंप इतना खड़ी ढलान वाला है कि बिना पीछे से धकेले व्हीलचेजर चढ़ ही नहीं सकती।,accessibility,hindi
1005,"हमारी स्थानीय बैंक शाखा में कोई स्पर्शनीय फर्श या ऑडियो संकेत नहीं है, जिससे एक दृष्टिबाधित ग्राहक के लिए कतार में चलना बहुत मुश्किल हो जाता है।",accessibility,hindi
1006,"बस टर्मिनल का सुलभ शौचालय भंडारण के लिए इस्तेमाल किया जा रहा है, जिससे व्हीलचेयर उपयोगकर्ता के लिए कोई कार्यात्मक विकल्प नहीं बचा।",accessibility,hindi
1007,"नए बने सरकारी कार्यालय में नक्शे पर एक सुलभ प्रवेश द्वार चिह्नित है, लेकिन वह हमेशा बंद रहता है और किसी स्टाफ को चाबी की जानकारी नहीं है।",accessibility,hindi
1008,"बाजार के पास बनाए गए फुटपाथ रैंप ज्यादातर दिन खड़े दोपहिया वाहनों से अवरुद्ध रहते हैं, जिससे व्हीलचेयर उपयोगकर्ताओं को सड़क पर आना पड़ता है।",accessibility,hindi
1009,"हमारे सामुदायिक भवन में कोई रैंप ही नहीं है, इसलिए वॉकर इस्तेमाल करने वाली एक बुजुर्ग निवासी वहां होने वाली पंचायत बैठकों में शामिल नहीं हो पातीं।",accessibility,hindi
1010,"जिला अदालत परिसर की लिफ्ट महीनों से खराब है, और व्हीलचेयर इस्तेमाल करने वाले मुकदमेबाजों को सीढ़ियों से ऊपर उठाना पड़ता है।",accessibility,hindi
1011,"नए डाकघर में वादा किया गया ब्रेल संकेत कभी नहीं लगाया गया, जिससे दृष्टिबाधित आगंतुकों के लिए काउंटर पहचानने का कोई तरीका नहीं बचा।",accessibility,hindi
1012,"हमारे स्कूल के मुख्य गेट पर रैंप तो है, लेकिन वह कक्षा के दरवाजे पर एक सीढ़ी में खत्म होता है, जिससे आखिरी कुछ मीटर पार करना असंभव हो जाता है।",accessibility,hindi
1013,हमारी कॉलोनी की एक श्रवण-बाधित निवासी का कहना है कि सरकारी कार्यालय लिखित संवाद से इनकार करता है और केवल मौखिक बातचीत पर जोर देता है।,accessibility,hindi
1014,"रेलवे प्लेटफॉर्म पर कोई स्पर्शनीय मार्गदर्शन पथ नहीं है, जिससे दृष्टिबाधित यात्रियों के लिए किनारे का अंदाजा लगाना जोखिम भरा हो जाता है।",accessibility,hindi
1015,हमारे शहर में व्हीलचेयर उपयोगकर्ता नगरपालिका कार्यालय की ऊपरी मंजिल तक नहीं पहुंच सकते क्योंकि लिफ्ट पिछली सर्दियों से खराब है।,accessibility,hindi
1016,अस्पताल के बाहर सुलभ पार्किंग स्थान पर नियमित रूप से अन्य वाहन खड़े रहते हैं और इसे खाली रखने के लिए कोई प्रवर्तन नहीं है।,accessibility,hindi
1017,पंचायत कार्यालय में एक रैंप मौजूद है लेकिन इतने खड़े कोण पर है कि बिना सहायता के इस्तेमाल करना असंभव है।,accessibility,hindi
1018,सामुदायिक स्वास्थ्य केंद्र में अपनी बारी का इंतजार कर रहे दृष्टिबाधित मरीजों के लिए कोई संकेत या घोषणा प्रणाली नहीं है।,accessibility,hindi
1019,"हमारे मोहल्ले के इकलौते सुलभ क्रॉसिंग सिग्नल ने अपना ऑडियो संकेत देना बंद कर दिया है, जिससे दृष्टिबाधित पैदल यात्रियों को यह पता नहीं चलता कि कब पार करें।",accessibility,hindi
1020,"सरकारी कॉलेज की लाइब्रेरी में किताबें ऊपरी मंजिल पर हैं, गतिशीलता-बाधित छात्रों के लिए वहां कोई लिफ्ट एक्सेस ही नहीं है।",accessibility,hindi
1021,"राशन दुकान पर व्हीलचेयर रैंप बनाया गया, लेकिन शेल्फ और काउंटर खुद इतने ऊंचे हैं कि बैठी हुई स्थिति से पहुंचना मुश्किल है।",accessibility,hindi
1022,बस स्टॉप शेल्टर की बेंच इस तरह बनाई गई है कि व्हीलचेयर को उसके साथ खड़ा करने के लिए कोई साफ जगह ही नहीं बचती।,accessibility,hindi
1023,"छड़ी इस्तेमाल करने वाली एक बुजुर्ग निवासी का कहना है कि उनके घर के पास ऊबड़-खाबड़, बिना मरम्मत वाला फुटपाथ बाजार तक रोजाना पैदल जाना वाकई खतरनाक बना देता है।",accessibility,hindi
1024,एक दृष्टिबाधित छात्र को आवंटित परीक्षा केंद्र ने पहले से जमा किए गए अनुरोध के बावजूद लेखक की व्यवस्था नहीं की।,accessibility,hindi
1025,"बस स्टैंड के सार्वजनिक शौचालयों में कोई ग्रैब बार या चौड़े दरवाजे नहीं हैं, जिससे वे व्हीलचेयर उपयोगकर्ताओं के लिए इस्तेमाल के लायक नहीं रहते।",accessibility,hindi
1026,"सरकारी कार्यालय की टोकन प्रणाली पूरी तरह से एक डिजिटल डिस्प्ले बोर्ड पर निर्भर है, दृष्टिबाधित आगंतुकों के लिए कोई ऑडियो घोषणा नहीं है।",accessibility,hindi
1027,"नए बने फ्लाईओवर के नीचे पैदल क्रॉसिंग पर कोई स्पर्शनीय पेविंग या रैंप नहीं है, जिससे पहले मौजूद एक सुलभ रास्ता कट गया है।",accessibility,hindi
1028,"सामुदायिक केंद्र का सुलभ प्रवेश द्वार तकनीकी रूप से मौजूद है लेकिन बंद रहता है, नियमित सीढ़ी वाला प्रवेश द्वार ही वास्तव में इस्तेमाल होता है।",accessibility,hindi
1029,व्हीलचेयर इस्तेमाल करने वाले एक निवासी का कहना है कि पेंशन वितरण काउंटर एक ऐसी इमारत की पहली मंजिल पर है जहां कोई लिफ्ट नहीं है।,accessibility,hindi
1030,"रेलवे आरक्षण काउंटर पर कोई नीचा हिस्सा नहीं है, जिससे व्हीलचेयर उपयोगकर्ताओं को क्लर्क से बात करने के लिए ऊपर की ओर खिंचना पड़ता है।",accessibility,hindi
1031,"प्राथमिक स्वास्थ्य केंद्र में एक सुलभ शौचालय बनाया गया, लेकिन दरवाजा इतना संकरा है कि एक मानक व्हीलचेयर उसमें से गुजर ही नहीं सकती।",accessibility,hindi
1032,"सार्वजनिक लाइब्रेरी का रैंप हर शाम खड़ी साइकिलों से अवरुद्ध रहता है, जिससे काम के घंटों के बाद व्हीलचेयर उपयोगकर्ताओं के लिए कोई रास्ता नहीं बचता।",accessibility,hindi
1033,"एक बधिर निवासी का कहना है कि हमारे इलाके की आपातकालीन चेतावनी प्रणाली पूरी तरह से लाउडस्पीकर घोषणा पर निर्भर है, कोई दृश्य संकेत नहीं है।",accessibility,hindi
1034,पंचायत कार्यालय ने पिछले साल अपने प्रवेश द्वार का नवीनीकरण किया लेकिन स्वीकृत योजना का हिस्सा रहा सुलभ रैंप छोड़ दिया।,accessibility,hindi
1035,सरकारी कॉलेज में आने वाले व्हीलचेयर उपयोगकर्ताओं को रास्ते के एक टूटे हुए हिस्से से होकर उठाकर ले जाना पड़ता है जिसका कोई वैकल्पिक मार्ग नहीं है।,accessibility,hindi
1036,"हमारी कॉलोनी के सबसे नजदीक का एटीएम एक ऊंचे प्लेटफॉर्म पर लगा है, बिना रैंप के, जिससे बिना मदद के वहां पहुंचना असंभव है।",accessibility,hindi
1037,"बाजार के पास नया बना ओवरब्रिज दोनों सिरों पर सीढ़ियों वाला है, जिन्हें चढ़ न पाने वालों के लिए कोई लिफ्ट या रैंप नहीं है।",accessibility,hindi
1038,ब्लॉक कार्यालय का सुलभ वॉशरूम पिछले कई महीनों से बंद है और स्टोररूम के रूप में इस्तेमाल हो रहा है।,accessibility,hindi
1039,"हमारे वार्ड की एक बुजुर्ग व्हीलचेयर उपयोगकर्ता का कहना है कि सामुदायिक केंद्र के मंच पर कोई रैंप नहीं है, जिससे वह वहां आयोजित स्थानीय कार्यक्रमों में भाग नहीं ले पातीं।",accessibility,hindi
1040,"सरकारी स्कूल ने एक इमारत के लिए रैंप बनाया लेकिन साथ वाले ब्लॉक में, जहां लाइब्रेरी है, अभी भी केवल सीढ़ियां हैं।",accessibility,hindi
1041,"Hamare block development office ke entrance par sirf stairs hain, aur wheelchair users ke liye koi alternative route nahi hai.",accessibility,hinglish
1042,"Railway station ke foot overbridge par koi working lift nahi hai, isliye ek mobility-impaired commuter ko har baar strangers dwara upar uthana padta hai.",accessibility,hinglish
1043,"Hamare route ki ek bhi bus low-floor nahi hai, isliye hamari colony ke ek wheelchair user bina help ke chair ko bus mein chadha nahi sakte.",accessibility,hinglish
1044,Sarkari hospital ke entrance par bana ramp itna steep hai ki bina peeche se push kiye wheelchair chadh hi nahi sakti.,accessibility,hinglish
1045,"Hamari local bank branch mein koi tactile flooring ya audio cue nahi hai, jisse ek visually impaired customer ke liye queue mein chalna bahut mushkil ho jaata hai.",accessibility,hinglish
1046,"Bus terminal ka accessible toilet storage ke liye use ho raha hai, jisse wheelchair user ke liye koi functional option nahi bacha.",accessibility,hinglish
1047,"Naye bane sarkari office mein map par ek accessible entrance marked hai, lekin woh hamesha locked rehta hai aur kisi staff ko key ki jaankari nahi hai.",accessibility,hinglish
1048,"Market ke paas banaye gaye footpath ramps zyadatar din khade two-wheelers se blocked rehte hain, jisse wheelchair users ko road par aana padta hai.",accessibility,hinglish
1049,"Hamare community hall mein koi ramp hi nahi hai, isliye walker use karne wali ek elderly resident wahan hone wali panchayat meetings mein shaamil nahi ho paatin.",accessibility,hinglish
1050,"District court complex ki lift mahinon se kharab hai, aur wheelchair use karne wale litigants ko stairs se upar uthana padta hai.",accessibility,hinglish
1051,"Naye post office mein promise ki gayi braille signage kabhi nahi lagayi gayi, jisse visually impaired visitors ke liye counters identify karne ka koi tarika nahi bacha.",accessibility,hinglish
1052,"Hamare school ke main gate par ramp to hai, lekin woh classroom ke darwaze par ek step mein khatam hota hai, jisse aakhri kuch metre paar karna asambhav ho jaata hai.",accessibility,hinglish
1053,Hamari colony ki ek hearing-impaired resident ka kehna hai ki sarkari office likhit communication se inkaar karta hai aur sirf verbal interaction par zor deta hai.,accessibility,hinglish
1054,"Railway platform par koi tactile guidance path nahi hai, jisse visually impaired passengers ke liye edge ka andaza lagana risky ho jaata hai.",accessibility,hinglish
1055,Hamare town mein wheelchair users municipal office ki upper floor tak nahi pahunch sakte kyunki lift pichli sardi se kharab hai.,accessibility,hinglish
1056,Hospital ke bahar accessible parking spot par regularly doosre vehicles khade rehte hain aur ise khaali rakhne ke liye koi enforcement nahi hai.,accessibility,hinglish
1057,Panchayat office mein ek ramp maujood hai lekin itne steep angle par hai ki bina assistance ke use karna asambhav hai.,accessibility,hinglish
1058,Community health centre mein apni baari ka wait kar rahe visually impaired patients ke liye koi signage ya announcement system nahi hai.,accessibility,hinglish
1059,"Hamare mohalle ke ikalauta accessible crossing signal ne apna audio cue dena band kar diya hai, jisse visually impaired pedestrians ko pata nahi chalta ki kab cross karein.",accessibility,hinglish
1060,"Sarkari college ki library mein books upper floor par hain, mobility-impaired students ke liye wahan koi lift access hi nahi hai.",accessibility,hinglish
1061,"Ration shop par wheelchair ramp banaya gaya, lekin shelves aur counter khud itne high hain ki baithi hui position se pahunchna mushkil hai.",accessibility,hinglish
1062,Bus stop shelter ki bench is tarah banayi gayi hai ki wheelchair ko uske saath khada karne ke liye koi clear jagah hi nahi bachti.,accessibility,hinglish
1063,"Cane use karne wali ek elderly resident ka kehna hai ki unke ghar ke paas uneven, unrepaired footpath market tak roz paidal jaana genuinely dangerous bana deta hai.",accessibility,hinglish
1064,Ek visually impaired student ko allot kiye gaye exam centre ne pehle se submit kiye gaye request ke bawajood scribe ki arrangement nahi ki.,accessibility,hinglish
1065,"Bus stand ke public toilets mein koi grab bars ya wide doorways nahi hain, jisse woh wheelchair users ke liye use ke layak nahi rehte.",accessibility,hinglish
1066,"Sarkari office ka token system poori tarah ek digital display board par depend karta hai, visually impaired visitors ke liye koi audio announcement nahi hai.",accessibility,hinglish
1067,"Naye construct hue flyover ke neeche pedestrian crossing par koi tactile paving ya ramps nahi hain, jisse pehle maujood ek accessible route cut ho gaya hai.",accessibility,hinglish
1068,"Community centre ka accessible entrance technically maujood hai lekin locked rehta hai, regular staircase entrance hi actually use hota hai.",accessibility,hinglish
1069,Wheelchair use karne wale ek resident ka kehna hai ki pension disbursement counter ek aisi building ki first floor par hai jahan koi lift nahi hai.,accessibility,hinglish
1070,"Railway reservation counter par koi lowered section nahi hai, jisse wheelchair users ko clerk se baat karne ke liye upar ki taraf khinchna padta hai.",accessibility,hinglish
1071,"Primary health centre mein ek accessible toilet banaya gaya, lekin door itna narrow hai ki ek standard wheelchair usse guzar hi nahi sakti.",accessibility,hinglish
1072,"Public library ka ramp har shaam khadi bicycles se blocked rehta hai, jisse work hours ke baad wheelchair users ke liye koi rasta nahi bachta.",accessibility,hinglish
1073,"Ek deaf resident ka kehna hai ki hamare ilake ka emergency alert system poori tarah loudspeaker announcement par depend karta hai, koi visual signal nahi hai.",accessibility,hinglish
1074,Panchayat office ne pichle saal apne entrance ka renovation kiya lekin approved plan ka hissa raha accessible ramp chhod diya.,accessibility,hinglish
1075,Sarkari college mein aane wale wheelchair users ko path ke ek tooti hui section se hokar utha kar le jaana padta hai jiska koi alternate route nahi hai.,accessibility,hinglish
1076,"Hamari colony ke sabse nazdeek ka ATM ek raised platform par laga hai, bina ramp ke, jisse bina help ke wahan pahunchna asambhav hai.",accessibility,hinglish
1077,"Market ke paas naya bana overbridge dono ends par stairs wala hai, jinhe chadh na paane walon ke liye koi lift ya ramp nahi hai.",accessibility,hinglish
1078,Block office ka accessible washroom pichle kayi mahinon se locked hai aur storeroom ki tarah use ho raha hai.,accessibility,hinglish
1079,"Hamare ward ki ek elderly wheelchair user ka kehna hai ki community centre ke stage par koi ramp nahi hai, jisse woh wahan hone wale local events mein participate nahi kar paatin.",accessibility,hinglish
1080,"Sarkari school ne ek building ke liye ramp banaya lekin saath wale block mein, jahan library hai, abhi bhi sirf stairs hain.",accessibility,hinglish
1081,I submitted my income certificate application over two months ago and it still shows as under process on the portal.,public_administration,english
1082,The government office has not updated my land record despite three separate visits and all documents being in order.,public_administration,english
1083,"My scholarship application was verified by the school weeks ago, but the department portal still shows it pending disbursement.",public_administration,english
1084,The tehsil office keeps asking for the same set of documents I have already submitted twice before.,public_administration,english
1085,My father's pension file has been stuck at the treasury office for four months with no clear reason given.,public_administration,english
1086,"A caste certificate application filed in April has neither been approved nor rejected, just left without any status update.",public_administration,english
1087,"The birth certificate for my daughter, born last year, still has not been issued despite repeated visits to the registrar's office.",public_administration,english
1088,"We were told our ration card correction request would take two weeks, and it has now been over three months.",public_administration,english
1089,An official at the block office reportedly asked for an unofficial payment to process our domicile certificate faster.,public_administration,english
1090,My application for a duplicate driving licence has been stuck at the RTO for weeks without any update on the portal.,public_administration,english
1091,"The death certificate for my grandfather was issued with a spelling error, and correcting it has taken over a month of visits.",public_administration,english
1092,"Our family's Aadhaar update request, submitted to correct an address, has been pending processing for nearly two months.",public_administration,english
1093,The government scheme benefit approved on paper for my mother has still not been credited due to a mismatch in her bank details that no one has helped resolve.,public_administration,english
1094,An application for an income tax refund related to a government scheme has been stuck in verification for months.,public_administration,english
1095,The property mutation we applied for after my father's passing has been delayed at the revenue office without explanation.,public_administration,english
1096,My request to update my name on the electoral roll after marriage has been pending at the local office for over four months.,public_administration,english
1097,A government job application form was rejected weeks after submission for a formatting reason that was never mentioned as a requirement.,public_administration,english
1098,The passport application submitted through the local seva kendra has been stuck in police verification for far longer than the standard timeline.,public_administration,english
1099,Our society's registration renewal has been delayed at the registrar's office despite all fees being paid on time.,public_administration,english
1100,A widow pension application filed six months ago is still listed as pending at the block office with no update given to the applicant.,public_administration,english
1101,"The certificate of encumbrance for our land was issued with an error, and getting it corrected has meant four separate visits so far.",public_administration,english
1102,An application to change the category listed in my ration card has been sitting unprocessed at the office for over three months.,public_administration,english
1103,"The government office staff reportedly ask visitors to come back ""next week"" repeatedly without ever actually processing the file.",public_administration,english
1104,"My income certificate renewal, needed for a scholarship deadline, has been delayed at the tehsildar's office beyond the promised timeline.",public_administration,english
1105,"The domicile certificate portal shows my application as approved, but the physical copy has still not been issued after a month.",public_administration,english
1106,A land record correction requested after a survey error has been pending at the revenue department for nearly a year.,public_administration,english
1107,The RTI response to our query about pending certificates has itself been delayed well beyond the legally mandated period.,public_administration,english
1108,Our building's occupancy certificate application has been stuck at the municipal office for over five months with conflicting information from different clerks.,public_administration,english
1109,The government office responsible for verifying our OBC certificate has requested the same affidavit three separate times.,public_administration,english
1110,A retired employee's provident fund settlement has been delayed at the department office for over six months without explanation.,public_administration,english
1111,The marriage certificate we applied for after our court marriage has been delayed at the registrar's office for unclear reasons.,public_administration,english
1112,My application to transfer my ration card to our new address has been pending processing for over two months.,public_administration,english
1113,"A government subsidy application approved in principle has not been disbursed because the department says the file is still ""under review.""",public_administration,english
1114,The office handling disability certificate renewals asked us to resubmit medical documents that were already verified last year.,public_administration,english
1115,Our application for a No Objection Certificate needed for a bank loan has been delayed at the local office for weeks.,public_administration,english
1116,The staff at the district administrative office reportedly misplaced our original documents during a recent office relocation.,public_administration,english
1117,A senior citizen ID card application has been pending at the welfare office for over four months despite the applicant visiting personally each week.,public_administration,english
1118,The government office responsible for processing our compensation claim after a land acquisition has given no update in over six months.,public_administration,english
1119,My request to correct an error in my father's death record has bounced between two different offices for months.,public_administration,english
1120,"The public grievance portal shows our complaint as ""resolved"" even though no officer has actually contacted us about it.",public_administration,english
1121,मैंने अपना आय प्रमाण पत्र आवेदन दो महीने पहले जमा किया था और पोर्टल पर अभी भी वह प्रक्रियाधीन दिखा रहा है।,public_administration,hindi
1122,सरकारी कार्यालय ने तीन अलग-अलग यात्राओं और सभी दस्तावेज सही होने के बावजूद मेरा भूमि रिकॉर्ड अपडेट नहीं किया।,public_administration,hindi
1123,"मेरी छात्रवृत्ति आवेदन को हफ्तों पहले स्कूल ने सत्यापित कर दिया था, लेकिन विभाग का पोर्टल अभी भी इसे वितरण के लिए लंबित दिखा रहा है।",public_administration,hindi
1124,तहसील कार्यालय बार-बार वही दस्तावेज मांग रहा है जो मैं पहले ही दो बार जमा कर चुका हूं।,public_administration,hindi
1125,"मेरे पिता की पेंशन फाइल चार महीने से खजाना कार्यालय में अटकी हुई है, बिना किसी स्पष्ट कारण के।",public_administration,hindi
1126,"अप्रैल में दाखिल किया गया जाति प्रमाण पत्र आवेदन न तो मंजूर हुआ है न ही खारिज, बिना किसी स्टेटस अपडेट के छोड़ दिया गया है।",public_administration,hindi
1127,पिछले साल जन्मी मेरी बेटी का जन्म प्रमाण पत्र रजिस्ट्रार कार्यालय के बार-बार दौरे के बावजूद अभी तक जारी नहीं हुआ।,public_administration,hindi
1128,"हमें बताया गया था कि हमारा राशन कार्ड सुधार अनुरोध दो हफ्तों में हो जाएगा, और अब तीन महीने से ज्यादा हो चुके हैं।",public_administration,hindi
1129,ब्लॉक कार्यालय के एक अधिकारी ने कथित तौर पर हमारा डोमिसाइल प्रमाण पत्र जल्दी बनाने के लिए अनौपचारिक भुगतान मांगा।,public_administration,hindi
1130,"डुप्लिकेट ड्राइविंग लाइसेंस के लिए मेरा आवेदन आरटीओ में हफ्तों से अटका हुआ है, पोर्टल पर कोई अपडेट नहीं है।",public_administration,hindi
1131,"मेरे दादाजी का मृत्यु प्रमाण पत्र एक स्पेलिंग गलती के साथ जारी हुआ, और उसे सुधारने में एक महीने से ज्यादा की यात्राएं लग गईं।",public_administration,hindi
1132,पते को सुधारने के लिए जमा किया गया हमारे परिवार का आधार अपडेट अनुरोध लगभग दो महीने से प्रक्रिया में लंबित है।,public_administration,hindi
1133,मेरी मां के लिए कागज पर स्वीकृत सरकारी योजना का लाभ अभी तक जमा नहीं हुआ क्योंकि उनके बैंक विवरण में एक बेमेल है जिसे सुलझाने में किसी ने मदद नहीं की।,public_administration,hindi
1134,एक सरकारी योजना से संबंधित आयकर रिफंड के लिए आवेदन महीनों से सत्यापन में अटका हुआ है।,public_administration,hindi
1135,"मेरे पिता के निधन के बाद हमने जो संपत्ति म्यूटेशन के लिए आवेदन किया, वह राजस्व कार्यालय में बिना किसी स्पष्टीकरण के देरी से चल रहा है।",public_administration,hindi
1136,शादी के बाद मतदाता सूची में अपना नाम अपडेट करने का मेरा अनुरोध स्थानीय कार्यालय में चार महीने से ज्यादा समय से लंबित है।,public_administration,hindi
1137,एक सरकारी नौकरी का आवेदन जमा करने के हफ्तों बाद एक फॉर्मेटिंग कारण से खारिज कर दिया गया जिसका कभी आवश्यकता के रूप में उल्लेख ही नहीं किया गया था।,public_administration,hindi
1138,स्थानीय सेवा केंद्र के जरिए जमा किया गया पासपोर्ट आवेदन पुलिस सत्यापन में मानक समय-सीमा से कहीं ज्यादा समय से अटका हुआ है।,public_administration,hindi
1139,"हमारी सोसाइटी के पंजीकरण नवीनीकरण में रजिस्ट्रार कार्यालय में देरी हो रही है, हालांकि सारी फीस समय पर जमा कर दी गई थी।",public_administration,hindi
1140,"छह महीने पहले दाखिल विधवा पेंशन आवेदन अभी भी ब्लॉक कार्यालय में लंबित सूचीबद्ध है, आवेदक को कोई अपडेट नहीं दिया गया।",public_administration,hindi
1141,"हमारी जमीन के भार-मुक्ति प्रमाण पत्र में गलती के साथ जारी हुआ, और उसे सुधरवाने के लिए अब तक चार अलग-अलग यात्राएं करनी पड़ी हैं।",public_administration,hindi
1142,मेरे राशन कार्ड में सूचीबद्ध श्रेणी बदलने का आवेदन तीन महीने से ज्यादा समय से कार्यालय में अप्रसंस्कृत पड़ा है।,public_administration,hindi
1143,"सरकारी कार्यालय का स्टाफ कथित तौर पर आगंतुकों से बार-बार अगले हफ्ते आने को कहता है, बिना फाइल को वास्तव में कभी प्रोसेस किए।",public_administration,hindi
1144,छात्रवृत्ति की समय-सीमा के लिए जरूरी मेरा आय प्रमाण पत्र नवीनीकरण तहसीलदार कार्यालय में वादा की गई समय-सीमा से आगे निकल गया है।,public_administration,hindi
1145,"डोमिसाइल प्रमाण पत्र पोर्टल मेरे आवेदन को स्वीकृत दिखाता है, लेकिन एक महीने बाद भी भौतिक प्रति जारी नहीं हुई है।",public_administration,hindi
1146,सर्वेक्षण की गलती के बाद अनुरोधित भूमि रिकॉर्ड सुधार राजस्व विभाग में लगभग एक साल से लंबित है।,public_administration,hindi
1147,लंबित प्रमाण पत्रों के बारे में हमारी आरटीआई क्वेरी का जवाब खुद कानूनी रूप से तय अवधि से काफी आगे निकल गया है।,public_administration,hindi
1148,"हमारी इमारत का अधिभोग प्रमाण पत्र आवेदन नगरपालिका कार्यालय में पांच महीने से ज्यादा समय से अटका हुआ है, विभिन्न क्लर्कों से परस्पर विरोधी जानकारी मिल रही है।",public_administration,hindi
1149,हमारे ओबीसी प्रमाण पत्र को सत्यापित करने के जिम्मेदार सरकारी कार्यालय ने वही हलफनामा तीन अलग-अलग बार मांगा है।,public_administration,hindi
1150,एक सेवानिवृत्त कर्मचारी का भविष्य निधि निपटान विभागीय कार्यालय में छह महीने से ज्यादा समय से बिना स्पष्टीकरण के देरी से चल रहा है।,public_administration,hindi
1151,"कोर्ट मैरिज के बाद हमने जो विवाह प्रमाण पत्र के लिए आवेदन किया, वह रजिस्ट्रार कार्यालय में अस्पष्ट कारणों से देरी से चल रहा है।",public_administration,hindi
1152,मेरा राशन कार्ड नए पते पर स्थानांतरित करने का आवेदन दो महीने से ज्यादा समय से प्रक्रिया में लंबित है।,public_administration,hindi
1153,सैद्धांतिक रूप से स्वीकृत एक सरकारी सब्सिडी आवेदन वितरित नहीं किया गया क्योंकि विभाग का कहना है कि फाइल अभी भी 'समीक्षाधीन' है।,public_administration,hindi
1154,विकलांगता प्रमाण पत्र नवीनीकरण संभालने वाले कार्यालय ने हमसे उन मेडिकल दस्तावेजों को फिर से जमा करने को कहा जो पिछले साल ही सत्यापित हो चुके थे।,public_administration,hindi
1155,बैंक लोन के लिए जरूरी नो ऑब्जेक्शन सर्टिफिकेट के लिए हमारा आवेदन स्थानीय कार्यालय में हफ्तों से देरी से चल रहा है।,public_administration,hindi
1156,जिला प्रशासनिक कार्यालय के स्टाफ ने कथित तौर पर हाल की कार्यालय शिफ्टिंग के दौरान हमारे मूल दस्तावेज गुम कर दिए।,public_administration,hindi
1157,"एक वरिष्ठ नागरिक पहचान पत्र आवेदन कल्याण कार्यालय में चार महीने से ज्यादा समय से लंबित है, हालांकि आवेदक हर हफ्ते व्यक्तिगत रूप से जाता है।",public_administration,hindi
1158,भूमि अधिग्रहण के बाद हमारे मुआवजे के दावे को संसाधित करने के लिए जिम्मेदार सरकारी कार्यालय ने छह महीने से ज्यादा समय में कोई अपडेट नहीं दिया।,public_administration,hindi
1159,मेरे पिता के मृत्यु रिकॉर्ड में गलती सुधारने का मेरा अनुरोध महीनों से दो अलग-अलग कार्यालयों के बीच घूम रहा है।,public_administration,hindi
1160,"सार्वजनिक शिकायत पोर्टल हमारी शिकायत को 'हल' दिखाता है, हालांकि किसी अधिकारी ने वास्तव में इसके बारे में हमसे संपर्क ही नहीं किया।",public_administration,hindi
1161,Maine apna income certificate application do mahine pehle submit kiya tha aur portal par abhi bhi woh under-process dikha raha hai.,public_administration,hinglish
1162,Sarkari office ne teen alag-alag visits aur saare documents sahi hone ke bawajood mera land record update nahi kiya.,public_administration,hinglish
1163,"Meri scholarship application ko hafton pehle school ne verify kar diya tha, lekin department ka portal abhi bhi ise disbursement ke liye pending dikha raha hai.",public_administration,hinglish
1164,Tehsil office baar-baar wahi documents maang raha hai jo main pehle hi do baar submit kar chuka hoon.,public_administration,hinglish
1165,"Mere father ki pension file chaar mahine se treasury office mein atki hui hai, bina kisi clear reason ke.",public_administration,hinglish
1166,"April mein file kiya gaya caste certificate application na to approve hua hai na hi reject, bina kisi status update ke chhod diya gaya hai.",public_administration,hinglish
1167,Pichle saal paida hui meri beti ka birth certificate registrar office ke baar-baar visits ke bawajood abhi tak issue nahi hua.,public_administration,hinglish
1168,"Humein bataya gaya tha ki hamara ration card correction request do hafton mein ho jaayega, aur ab teen mahine se zyada ho chuke hain.",public_administration,hinglish
1169,Block office ke ek official ne reportedly hamara domicile certificate jaldi banane ke liye unofficial payment maanga.,public_administration,hinglish
1170,"Duplicate driving licence ke liye mera application RTO mein hafton se atka hua hai, portal par koi update nahi hai.",public_administration,hinglish
1171,"Mere dadaji ka death certificate ek spelling mistake ke saath issue hua, aur use correct karne mein ek mahine se zyada ki visits lag gayin.",public_administration,hinglish
1172,Address correct karne ke liye submit kiya gaya hamare family ka Aadhaar update request lagbhag do mahine se process mein pending hai.,public_administration,hinglish
1173,Meri maa ke liye paper par sanctioned sarkari scheme ka benefit abhi tak credit nahi hua kyunki unke bank details mein ek mismatch hai jise resolve karne mein kisi ne madad nahi ki.,public_administration,hinglish
1174,Ek sarkari scheme se related income tax refund ke liye application mahinon se verification mein atka hua hai.,public_administration,hinglish
1175,"Mere father ke passing ke baad humne jo property mutation ke liye apply kiya, woh revenue office mein bina kisi explanation ke delay ho raha hai.",public_administration,hinglish
1176,Shaadi ke baad electoral roll mein apna naam update karne ka mera request local office mein chaar mahine se zyada time se pending hai.,public_administration,hinglish
1177,Ek sarkari job application submit karne ke hafton baad ek formatting reason se reject kar diya gaya jiska kabhi requirement ke taur par mention hi nahi kiya gaya tha.,public_administration,hinglish
1178,Local seva kendra ke through submit kiya gaya passport application police verification mein standard timeline se kahin zyada time se atka hua hai.,public_administration,hinglish
1179,"Hamari society ka registration renewal registrar office mein delay ho raha hai, halanki saari fees time par jama ki gayi thi.",public_administration,hinglish
1180,"Chhe mahine pehle file ki gayi vidhwa pension application abhi bhi block office mein pending listed hai, applicant ko koi update nahi diya gaya.",public_administration,hinglish
1181,"Hamari zameen ka encumbrance certificate ek galti ke saath issue hua, aur use correct karwane ke liye ab tak chaar alag-alag visits karni padi hain.",public_administration,hinglish
1182,Mere ration card mein listed category badalne ka application teen mahine se zyada time se office mein unprocessed pada hai.,public_administration,hinglish
1183,"Sarkari office ka staff reportedly visitors se baar-baar agle hafte aane ko kehta hai, bina file ko actually kabhi process kiye.",public_administration,hinglish
1184,Scholarship deadline ke liye zaroori mera income certificate renewal tehsildar office mein promise ki gayi timeline se aage nikal gaya hai.,public_administration,hinglish
1185,"Domicile certificate portal mere application ko approved dikhata hai, lekin ek mahine baad bhi physical copy issue nahi hui hai.",public_administration,hinglish
1186,Survey ki galti ke baad requested land record correction revenue department mein lagbhag ek saal se pending hai.,public_administration,hinglish
1187,Pending certificates ke baare mein hamari RTI query ka response khud legally mandated period se kaafi aage nikal gaya hai.,public_administration,hinglish
1188,"Hamari building ka occupancy certificate application municipal office mein paanch mahine se zyada time se atka hua hai, alag-alag clerks se conflicting information mil rahi hai.",public_administration,hinglish
1189,Hamare OBC certificate ko verify karne ke jimmedaar sarkari office ne wahi affidavit teen alag-alag baar maanga hai.,public_administration,hinglish
1190,Ek retired employee ka provident fund settlement department office mein chhe mahine se zyada time se bina explanation ke delay ho raha hai.,public_administration,hinglish
1191,"Court marriage ke baad humne jo marriage certificate ke liye apply kiya, woh registrar office mein unclear reasons se delay ho raha hai.",public_administration,hinglish
1192,Mera ration card naye address par transfer karne ka application do mahine se zyada time se process mein pending hai.,public_administration,hinglish
1193,Principle mein sanctioned ek sarkari subsidy application disburse nahi hua kyunki department ka kehna hai ki file abhi bhi 'under review' hai.,public_administration,hinglish
1194,Disability certificate renewals sambhalne wale office ne humse un medical documents ko phir se submit karne ko kaha jo pichle saal hi verify ho chuke the.,public_administration,hinglish
1195,Bank loan ke liye zaroori No Objection Certificate ke liye hamara application local office mein hafton se delay ho raha hai.,public_administration,hinglish
1196,District administrative office ke staff ne reportedly recent office relocation ke dauran hamare original documents misplace kar diye.,public_administration,hinglish
1197,"Ek senior citizen ID card application welfare office mein chaar mahine se zyada time se pending hai, halanki applicant har hafte personally jaata hai.",public_administration,hinglish
1198,Land acquisition ke baad hamare compensation claim ko process karne ke jimmedaar sarkari office ne chhe mahine se zyada time mein koi update nahi diya.,public_administration,hinglish
1199,Mere father ke death record mein galti correct karne ka mera request mahinon se do alag-alag offices ke beech ghoom raha hai.,public_administration,hinglish
1200,"Public grievance portal hamari complaint ko 'resolved' dikhata hai, halanki kisi officer ne actually iske baare mein humse contact hi nahi kiya.",public_administration,hinglish
1201,Workers on our MGNREGA site have not been paid for over two months despite the muster roll showing full attendance.,rural_livelihoods,english
1202,"My job card lists only half the days I actually worked last season, and the remaining wages were never paid out.",rural_livelihoods,english
1203,The self-help group loan approved for our women's collective six months ago has still not been disbursed by the bank.,rural_livelihoods,english
1204,"No work has been provided under the employment guarantee scheme in our panchayat for nearly three months, and no unemployment allowance has been paid either.",rural_livelihoods,english
1205,"The skill training centre in our block promised a stitching course, but it shut down halfway through with no refund of the enrolment fee.",rural_livelihoods,english
1206,Our weavers' cooperative has not received payment for the last consignment supplied to the government emporium four months ago.,rural_livelihoods,english
1207,A poultry rearing subsidy approved under the livelihood mission for our group has been stuck at the block office since last winter.,rural_livelihoods,english
1208,The worksite for the road-building project under the rural employment scheme has no shade or drinking water despite it being mandatory.,rural_livelihoods,english
1209,My husband migrated to the city for work because local employment guarantee days ran out within the first quarter of the year.,rural_livelihoods,english
1210,"The e-shram card registration camp promised for our village never actually arrived, leaving many labourers without documentation.",rural_livelihoods,english
1211,Wages for our self-help group's tailoring order from the district administration have been pending for over five months.,rural_livelihoods,english
1212,The Mudra loan application submitted for setting up a small dairy unit has been rejected twice without a clear reason given.,rural_livelihoods,english
1213,"Our fishing cooperative's pond lease renewal has been delayed at the block office for nearly a year, halting our main income source.",rural_livelihoods,english
1214,The crèche mandated at our worksite for women labourers with infants has never actually been set up.,rural_livelihoods,english
1215,"A batch of goats distributed under the livestock support scheme arrived sick, and several died within weeks with no compensation offered.",rural_livelihoods,english
1216,Our handicraft cluster's showroom allotted under the scheme has remained locked since the caretaker was transferred out.,rural_livelihoods,english
1217,"Payments for work done under the rural roads programme are routed through an account that was closed over a year ago, and no one has corrected it.",rural_livelihoods,english
1218,The self-help group federation meeting that decides loan disbursement has not been convened in our block for over four months.,rural_livelihoods,english
1219,"Migrant workers returning from the city were promised local job cards on priority, but the panchayat office says the quota has run out.",rural_livelihoods,english
1220,Our silk cocoon rearing unit under the sericulture scheme has been without the promised subsidy for the second season running.,rural_livelihoods,english
1221,The muster roll for our worksite reportedly lists names of people who never actually reported for work that week.,rural_livelihoods,english
1222,A cattle shed construction subsidy sanctioned for our dairy group has been pending disbursement for over eight months.,rural_livelihoods,english
1223,"Our village's khadi weaving unit has not received raw cotton allocation for the third month running, halting all production.",rural_livelihoods,english
1224,The unemployment allowance we are entitled to when work is not provided has never once been paid despite repeated written applications.,rural_livelihoods,english
1225,A women's collective running a pickle-making unit has been waiting for its working capital loan for close to a year now.,rural_livelihoods,english
1226,The block-level livelihood mission office has not responded to our request for a market linkage tie-up for our handloom products.,rural_livelihoods,english
1227,Job cards for three families in our hamlet were rejected during the last renewal without any written reason provided.,rural_livelihoods,english
1228,Payment for a completed pond-deepening project under the employment scheme was withheld over a measurement dispute that has dragged on for months.,rural_livelihoods,english
1229,"Our self-help group's bank account has been frozen due to a KYC mismatch, and the livelihood mission office has not helped resolve it.",rural_livelihoods,english
1230,The vocational training centre meant to certify masons under the skill development scheme has not conducted a single batch this year.,rural_livelihoods,english
1231,A subsidised piggery unit approved for a group of women in our village has been delayed because the shed construction fund never arrived.,rural_livelihoods,english
1232,Wages owed to workers who repaired the village pond under the guarantee scheme have been pending for nearly four months now.,rural_livelihoods,english
1233,"The handloom cluster's electricity connection for power looms was disconnected over a billing dispute, halting work for the whole group.",rural_livelihoods,english
1234,Our cooperative dairy has not received the promised milk collection centre despite the site being marked out over a year ago.,rural_livelihoods,english
1235,"A batch of sewing machines sanctioned for our tailoring group under the scheme arrived without the motors, making them unusable.",rural_livelihoods,english
1236,The block office has not updated our attendance on the employment guarantee portal for the last six weeks despite daily site work.,rural_livelihoods,english
1237,Our bamboo craft group's application for a raw material subsidy has been sitting unprocessed at the district office for over a year.,rural_livelihoods,english
1238,Women in our self-help group were asked to repay a loan they say was never actually disbursed to their group account.,rural_livelihoods,english
1239,The fair-price procurement centre for our handicraft products has stopped honouring the rates fixed under the government scheme.,rural_livelihoods,english
1240,Seasonal migration from our village has increased this year because guaranteed work under the rural employment scheme dried up by mid-season.,rural_livelihoods,english
1241,"हमारे मनरेगा साइट पर मजदूरों को दो महीने से ज्यादा समय से भुगतान नहीं मिला, जबकि मस्टर रोल में पूरी हाजिरी दिखाई गई है।",rural_livelihoods,hindi
1242,"मेरे जॉब कार्ड में पिछले सीज़न में काम किए गए आधे दिन ही दर्ज हैं, बाकी दिनों की मजदूरी कभी नहीं मिली।",rural_livelihoods,hindi
1243,हमारे महिला समूह को छह महीने पहले मंजूर हुआ स्वयं सहायता समूह ऋण अभी तक बैंक से नहीं मिला है।,rural_livelihoods,hindi
1244,"हमारी पंचायत में पिछले तीन महीने से रोजगार गारंटी योजना के तहत कोई काम नहीं मिला, और बेरोजगारी भत्ता भी नहीं दिया गया।",rural_livelihoods,hindi
1245,"हमारे ब्लॉक के कौशल विकास केंद्र में सिलाई का कोर्स आधे में ही बंद कर दिया गया, बिना फीस लौटाए।",rural_livelihoods,hindi
1246,हमारी बुनकर सहकारी समिति को सरकारी एम्पोरियम में चार महीने पहले भेजे गए माल का भुगतान अभी तक नहीं मिला।,rural_livelihoods,hindi
1247,आजीविका मिशन के तहत हमारे समूह को मंजूर मुर्गीपालन सब्सिडी पिछली सर्दियों से ब्लॉक कार्यालय में अटकी हुई है।,rural_livelihoods,hindi
1248,"सड़क निर्माण की मनरेगा साइट पर छाया और पीने का पानी नहीं है, जबकि यह अनिवार्य होना चाहिए।",rural_livelihoods,hindi
1249,मेरे पति शहर काम करने चले गए क्योंकि साल की शुरुआत में ही रोजगार गारंटी के दिन खत्म हो गए थे।,rural_livelihoods,hindi
1250,"हमारे गांव में ई-श्रम कार्ड बनाने का कैंप कभी आया ही नहीं, जिससे कई मजदूर बिना दस्तावेज के रह गए।",rural_livelihoods,hindi
1251,जिला प्रशासन के सिलाई ऑर्डर का भुगतान हमारे स्वयं सहायता समूह को पांच महीने से नहीं मिला है।,rural_livelihoods,hindi
1252,डेयरी यूनिट लगाने के लिए दिया गया मुद्रा लोन आवेदन बिना स्पष्ट कारण बताए दो बार रिजेक्ट हो चुका है।,rural_livelihoods,hindi
1253,"हमारी मछुआरा सहकारी समिति के तालाब पट्टे का नवीनीकरण एक साल से ब्लॉक कार्यालय में लंबित है, जिससे हमारी मुख्य आमदनी रुक गई है।",rural_livelihoods,hindi
1254,मनरेगा साइट पर शिशुओं वाली महिला मजदूरों के लिए अनिवार्य पालना घर कभी बनाया ही नहीं गया।,rural_livelihoods,hindi
1255,"पशुधन योजना के तहत मिली बकरियां बीमार निकलीं और कुछ हफ्तों में ही कई मर गईं, कोई मुआवजा नहीं दिया गया।",rural_livelihoods,hindi
1256,योजना के तहत मिला हमारे शिल्प समूह का शोरूम केयरटेकर के तबादले के बाद से बंद पड़ा है।,rural_livelihoods,hindi
1257,"ग्रामीण सड़क योजना के काम का भुगतान एक ऐसे खाते में भेजा जाता है जो एक साल पहले ही बंद हो चुका है, और कोई सुधार नहीं हुआ।",rural_livelihoods,hindi
1258,लोन वितरण तय करने वाली स्वयं सहायता समूह संघ की बैठक हमारे ब्लॉक में चार महीने से नहीं हुई।,rural_livelihoods,hindi
1259,"शहर से लौटे प्रवासी मजदूरों को प्राथमिकता पर जॉब कार्ड देने का वादा हुआ था, पर पंचायत कार्यालय कहता है कोटा खत्म हो गया।",rural_livelihoods,hindi
1260,रेशम कीट पालन योजना के तहत हमारी यूनिट को लगातार दूसरे सीज़न में भी वादा की गई सब्सिडी नहीं मिली।,rural_livelihoods,hindi
1261,हमारे साइट के मस्टर रोल में उन लोगों के नाम भी दर्ज हैं जो उस हफ्ते काम पर आए ही नहीं थे।,rural_livelihoods,hindi
1262,हमारे डेयरी समूह को मंजूर पशु शेड निर्माण सब्सिडी आठ महीने से वितरण के लिए लंबित है।,rural_livelihoods,hindi
1263,"हमारी खादी बुनाई इकाई को लगातार तीसरे महीने कपास का आवंटन नहीं मिला, जिससे पूरा उत्पादन रुक गया।",rural_livelihoods,hindi
1264,काम न मिलने पर हमें मिलने वाला बेरोजगारी भत्ता बार-बार लिखित आवेदन के बावजूद कभी नहीं दिया गया।,rural_livelihoods,hindi
1265,अचार बनाने वाली महिला समूह को कार्यशील पूंजी ऋण के लिए लगभग एक साल से इंतजार करना पड़ रहा है।,rural_livelihoods,hindi
1266,ब्लॉक स्तर के आजीविका मिशन कार्यालय ने हमारे हथकरघा उत्पादों के लिए बाजार संपर्क की मांग का जवाब नहीं दिया।,rural_livelihoods,hindi
1267,हमारे टोले के तीन परिवारों के जॉब कार्ड पिछले नवीनीकरण में बिना किसी लिखित कारण के रद्द कर दिए गए।,rural_livelihoods,hindi
1268,गारंटी योजना के तहत पूरे हुए तालाब गहरीकरण काम का भुगतान मापन विवाद की वजह से महीनों से रोका गया है।,rural_livelihoods,hindi
1269,"हमारे स्वयं सहायता समूह का बैंक खाता केवाईसी मिसमैच के कारण फ्रीज कर दिया गया, आजीविका मिशन कार्यालय ने इसे सुलझाने में मदद नहीं की।",rural_livelihoods,hindi
1270,कौशल विकास योजना के तहत राजमिस्त्री प्रमाणित करने वाला प्रशिक्षण केंद्र इस साल एक भी बैच नहीं चला पाया।,rural_livelihoods,hindi
1271,गांव की महिलाओं के समूह के लिए मंजूर सुअर पालन इकाई शेड निर्माण के फंड न आने से अटकी हुई है।,rural_livelihoods,hindi
1272,गारंटी योजना के तहत गांव के तालाब की मरम्मत करने वाले मजदूरों की मजदूरी लगभग चार महीने से लंबित है।,rural_livelihoods,hindi
1273,"हथकरघा समूह के पावरलूम का बिजली कनेक्शन बिलिंग विवाद के कारण काट दिया गया, जिससे पूरे समूह का काम रुक गया।",rural_livelihoods,hindi
1274,हमारी सहकारी डेयरी को वादा किया गया दूध संग्रहण केंद्र एक साल से चिह्नित स्थान पर भी नहीं बना।,rural_livelihoods,hindi
1275,"सिलाई समूह को योजना के तहत मिलीं सिलाई मशीनें बिना मोटर के पहुंचीं, जिससे वे बेकार पड़ी हैं।",rural_livelihoods,hindi
1276,"ब्लॉक कार्यालय ने पिछले छह हफ्तों से रोजगार गारंटी पोर्टल पर हमारी हाजिरी अपडेट नहीं की, जबकि रोज साइट पर काम हुआ।",rural_livelihoods,hindi
1277,हमारे बांस शिल्प समूह का कच्चा माल सब्सिडी आवेदन जिला कार्यालय में एक साल से बिना कार्रवाई के पड़ा है।,rural_livelihoods,hindi
1278,हमारे स्वयं सहायता समूह की महिलाओं से एक ऐसा ऋण चुकाने को कहा गया जो उनके समूह खाते में कभी आया ही नहीं।,rural_livelihoods,hindi
1279,हमारे शिल्प उत्पादों की उचित मूल्य खरीद केंद्र ने सरकारी योजना के तहत तय दरों पर खरीदना बंद कर दिया है।,rural_livelihoods,hindi
1280,इस साल हमारे गांव से मौसमी पलायन बढ़ गया क्योंकि रोजगार गारंटी योजना के तहत काम सीजन के बीच में ही खत्म हो गया।,rural_livelihoods,hindi
1281,"Hamare MGNREGA site pe mazdooron ko do mahine se zyada time se payment nahi mila, jabki muster roll mein poori attendance dikhayi gayi hai.",rural_livelihoods,hinglish
1282,"Mere job card mein pichle season ke aadhe hi din darj hain, baaki dinon ki mazdoori kabhi nahi mili.",rural_livelihoods,hinglish
1283,Hamare women's group ko chhe mahine pehle sanction hua SHG loan abhi tak bank se nahi mila hai.,rural_livelihoods,hinglish
1284,"Hamari panchayat mein pichle teen mahine se employment guarantee scheme ke under koi kaam nahi mila, aur berozgari bhatta bhi nahi diya gaya.",rural_livelihoods,hinglish
1285,"Hamare block ke skill training centre mein stitching course aadhe mein hi band kar diya gaya, bina fee wapas kiye.",rural_livelihoods,hinglish
1286,Hamari weavers cooperative ko govt emporium mein chaar mahine pehle bheje gaye maal ka payment abhi tak nahi mila.,rural_livelihoods,hinglish
1287,Livelihood mission ke under hamare group ko sanction hui poultry subsidy pichli sardiyon se block office mein atki hui hai.,rural_livelihoods,hinglish
1288,"Road construction wale MGNREGA site pe shade aur peene ka paani nahi hai, jabki yeh mandatory hona chahiye.",rural_livelihoods,hinglish
1289,Mere husband shehar kaam karne chale gaye kyunki saal ki shuruaat mein hi employment guarantee ke din khatam ho gaye the.,rural_livelihoods,hinglish
1290,"Hamare gaon mein e-shram card banane wala camp kabhi aaya hi nahi, jisse kai mazdoor bina document ke reh gaye.",rural_livelihoods,hinglish
1291,District administration ke stitching order ka payment hamare SHG ko paanch mahine se nahi mila hai.,rural_livelihoods,hinglish
1292,Dairy unit lagane ke liye diya gaya Mudra loan application bina clear reason bataye do baar reject ho chuka hai.,rural_livelihoods,hinglish
1293,"Hamari fishing cooperative ke pond lease ka renewal ek saal se block office mein pending hai, jisse hamari main income ruk gayi hai.",rural_livelihoods,hinglish
1294,MGNREGA site pe chhote bachon wali women labourers ke liye mandatory creche kabhi banaya hi nahi gaya.,rural_livelihoods,hinglish
1295,"Livestock scheme ke under mili bakriyan bimar nikli aur kuch hafton mein hi kai mar gayin, koi compensation nahi diya gaya.",rural_livelihoods,hinglish
1296,Scheme ke under mila hamare craft group ka showroom caretaker ke transfer ke baad se band pada hai.,rural_livelihoods,hinglish
1297,"Rural roads scheme ke kaam ka payment ek aise account mein jaata hai jo ek saal pehle hi band ho chuka hai, aur koi correction nahi hua.",rural_livelihoods,hinglish
1298,Loan disbursement decide karne wali SHG federation ki meeting hamare block mein chaar mahine se nahi hui.,rural_livelihoods,hinglish
1299,"Shehar se laute migrant workers ko priority pe job card dene ka wada hua tha, par panchayat office kehta hai quota khatam ho gaya.",rural_livelihoods,hinglish
1300,Sericulture scheme ke under hamari unit ko lagatar dusre season mein bhi promised subsidy nahi mili.,rural_livelihoods,hinglish
1301,Hamare site ke muster roll mein un logon ke naam bhi darj hain jo us hafte kaam pe aaye hi nahi the.,rural_livelihoods,hinglish
1302,Hamare dairy group ko sanction hui cattle shed construction subsidy aath mahine se distribution ke liye pending hai.,rural_livelihoods,hinglish
1303,"Hamari khadi weaving unit ko lagatar teesre mahine cotton allocation nahi mila, jisse pura production ruk gaya.",rural_livelihoods,hinglish
1304,Kaam na milne par milne wala berozgari bhatta baar-baar likhit application ke bawajood kabhi nahi diya gaya.,rural_livelihoods,hinglish
1305,Pickle banane wale women's group ko working capital loan ke liye lagbhag ek saal se wait karna pad raha hai.,rural_livelihoods,hinglish
1306,Block level livelihood mission office ne hamare handloom products ke liye market linkage ki demand ka jawab nahi diya.,rural_livelihoods,hinglish
1307,Hamare tole ke teen parivaron ke job card pichle renewal mein bina kisi likhit reason ke reject kar diye gaye.,rural_livelihoods,hinglish
1308,Guarantee scheme ke under complete hue pond deepening kaam ka payment measurement dispute ki wajah se mahinon se roka gaya hai.,rural_livelihoods,hinglish
1309,"Hamare SHG ka bank account KYC mismatch ki wajah se freeze kar diya gaya, livelihood mission office ne isse resolve karne mein madad nahi ki.",rural_livelihoods,hinglish
1310,Skill development scheme ke under masons ko certify karne wala training centre is saal ek bhi batch nahi chala paaya.,rural_livelihoods,hinglish
1311,Gaon ki mahilaon ke group ke liye sanction hui piggery unit shed construction fund na aane se atki hui hai.,rural_livelihoods,hinglish
1312,Guarantee scheme ke under gaon ke pond ki repair karne wale mazdooron ki mazdoori lagbhag chaar mahine se pending hai.,rural_livelihoods,hinglish
1313,"Handloom group ke powerloom ka bijli connection billing dispute ki wajah se kaat diya gaya, jisse pure group ka kaam ruk gaya.",rural_livelihoods,hinglish
1314,Hamari cooperative dairy ko promise kiya gaya milk collection centre ek saal se marked site pe bhi nahi bana.,rural_livelihoods,hinglish
1315,"Tailoring group ko scheme ke under mili sewing machines bina motor ke pahunchi, jisse woh bekar padi hain.",rural_livelihoods,hinglish
1316,"Block office ne pichle chhe hafton se employment guarantee portal pe hamari attendance update nahi ki, jabki roz site pe kaam hua.",rural_livelihoods,hinglish
1317,Hamare bamboo craft group ka raw material subsidy application district office mein ek saal se bina kaarwaai ke pada hai.,rural_livelihoods,hinglish
1318,Hamare SHG ki mahilaon se aisa loan chukane ko kaha gaya jo unke group account mein kabhi aaya hi nahi.,rural_livelihoods,hinglish
1319,Hamare handicraft products ke fair-price procurement centre ne government scheme ke under fix rates pe kharidna band kar diya hai.,rural_livelihoods,hinglish
1320,Is saal hamare gaon se seasonal migration badh gaya kyunki employment guarantee scheme ke under kaam season ke beech mein hi khatam ho gaya.,rural_livelihoods,hinglish
